<?xml version="1.0" encoding="UTF-8"?>
<Entities
 majorVersion="9"
 minorVersion="3"
 universal="">
    <StateDefinitions>
        <StateDefinition
         description=""
         documentationContent=""
         homeMashup=""
         name="TWX.Metrices.Logs_StateD"
         projectName="TempTWXMetrices"
         tags="">
            <avatar></avatar>
            <DesignTimePermissions>
                <Create></Create>
                <Read></Read>
                <Update></Update>
                <Delete></Delete>
                <Metadata></Metadata>
            </DesignTimePermissions>
            <RunTimePermissions></RunTimePermissions>
            <VisibilityPermissions>
                <Visibility></Visibility>
            </VisibilityPermissions>
            <ConfigurationTableDefinitions></ConfigurationTableDefinitions>
            <ConfigurationTables></ConfigurationTables>
            <content>
            <![CDATA[
            {
              "stateDefinitions" : [ {
                "defaultStyleDefinition" : "TWX.Metrices.Error_SD",
                "defaultValue" : "ERROR",
                "description" : "",
                "displayString" : "",
                "name" : ""
              }, {
                "defaultStyleDefinition" : "TWX.Metrices.Warn_SD",
                "defaultValue" : "WARN",
                "description" : "",
                "displayString" : "",
                "name" : ""
              }, {
                "defaultStyleDefinition" : "TWX.Metrices.Info_SD",
                "description" : "",
                "displayString" : "",
                "name" : ""
              } ],
              "stateType" : "string"
            }
            ]]>
            </content>
        </StateDefinition>
    </StateDefinitions>
</Entities>
