<?xml version="1.0" encoding="UTF-8"?>
<Entities>
    <ExtensionPackages>
        <ExtensionPackage
         dependsOn=""
         description=""
         haCompatible="false"
         minimumThingWorxVersion="9.1.0"
         name="ThingWorx Metrices"
         packageVersion="1.0.0"
         vendor="">
            <JarResources>
                <FileResource
                 description=""
                 file="org.json.jar"
                 type="JAR"></FileResource>
                <FileResource
                 description=""
                 file="thingworx_metrices.jar"
                 type="JAR"></FileResource>
            </JarResources>
        </ExtensionPackage>
    </ExtensionPackages>
    <ThingPackages>
        <ThingPackage
         className="twx.entities.templates.JMXMetrices_TT"
         description=""
         name="JMXMetrices_TTPackage"></ThingPackage>
    </ThingPackages>
    <ThingTemplates>
        <ThingTemplate
         aspect.isEditableExtensionObject="false"
         description=""
         name="JMXMetrices_TT"
         thingPackage="JMXMetrices_TTPackage"></ThingTemplate>
    </ThingTemplates>
</Entities>
