<?xml version="1.0" encoding="UTF-8"?>
<Entities
 majorVersion="9"
 minorVersion="3"
 universal="">
    <Things>
        <Thing
         description=""
         documentationContent=""
         effectiveThingPackage="ConfiguredThing"
         enabled="true"
         homeMashup=""
         identifier=""
         inheritedValueStream=""
         name="TWX.Metrices.ThreadsInfoHelper_Thing"
         projectName="TempTWXMetrices"
         published="false"
         tags=""
         thingTemplate="GenericThing"
         valueStream="">
            <avatar></avatar>
            <DesignTimePermissions>
                <Create></Create>
                <Read></Read>
                <Update></Update>
                <Delete></Delete>
                <Metadata></Metadata>
            </DesignTimePermissions>
            <RunTimePermissions></RunTimePermissions>
            <VisibilityPermissions>
                <Visibility></Visibility>
            </VisibilityPermissions>
            <ConfigurationTableDefinitions></ConfigurationTableDefinitions>
            <ConfigurationTables></ConfigurationTables>
            <ThingShape>
                <PropertyDefinitions></PropertyDefinitions>
                <ServiceDefinitions>
                    <ServiceDefinition
                     aspect.isAsync="false"
                     category=""
                     description=""
                     isAllowOverride="false"
                     isLocalOnly="false"
                     isOpen="false"
                     isPrivate="false"
                     name="GetThreads">
                        <ResultType
                         aspect.dataShape="TWX.Metrices.ThreadInfo"
                         baseType="INFOTABLE"
                         description=""
                         name="result"
                         ordinal="0"></ResultType>
                        <ParameterDefinitions>
                            <FieldDefinition
                             baseType="QUERY"
                             description=""
                             name="Query"
                             ordinal="1"></FieldDefinition>
                        </ParameterDefinitions>
                    </ServiceDefinition>
                </ServiceDefinitions>
                <EventDefinitions></EventDefinitions>
                <ServiceMappings></ServiceMappings>
                <ServiceImplementations>
                    <ServiceImplementation
                     description=""
                     handlerName="Script"
                     name="GetThreads">
                        <ConfigurationTables>
                            <ConfigurationTable
                             dataShapeName=""
                             description=""
                             isMultiRow="false"
                             name="Script"
                             ordinal="0">
                                <DataShape>
                                    <FieldDefinitions>
                                        <FieldDefinition
                                         baseType="STRING"
                                         description="code"
                                         name="code"
                                         ordinal="0"></FieldDefinition>
                                    </FieldDefinitions>
                                </DataShape>
                                <Rows>
                                    <Row>
                                        <code>
                                        <![CDATA[
                                        let threads = Things["TWX.Metrices.JMXMetricesController_Thing"].FetchCPUAndMemoryInfo().rows[0].ThreadInfo;
                                        
                                        let params = {
                                        	types: "STRING" ,
                                        	t: threads ,
                                        	columns: "CPU_TIME" ,
                                        	expressions: "(CPU_TIME / 1000000000).toFixed(3)+ ' s'"
                                        };
                                        //
                                        //// result: INFOTABLE
                                        threads = Resources["InfoTableFunctions"].DeriveFields(params);
                                        
                                        
                                        params = {
                                        	t: threads,
                                        	query: Query
                                        };
                                        
                                        let result = Resources["InfoTableFunctions"].Query(params);
                                        ]]>
                                        </code>
                                    </Row>
                                </Rows>
                            </ConfigurationTable>
                        </ConfigurationTables>
                    </ServiceImplementation>
                </ServiceImplementations>
                <Subscriptions></Subscriptions>
            </ThingShape>
            <PropertyBindings></PropertyBindings>
            <RemotePropertyBindings></RemotePropertyBindings>
            <RemoteServiceBindings></RemoteServiceBindings>
            <RemoteEventBindings></RemoteEventBindings>
            <AlertConfigurations></AlertConfigurations>
            <ImplementedShapes></ImplementedShapes>
            <ThingProperties></ThingProperties>
        </Thing>
    </Things>
</Entities>
