<?xml version="1.0" encoding="UTF-8"?>
<Entities
 majorVersion="9"
 minorVersion="3"
 universal="">
    <Things>
        <Thing
         description=""
         documentationContent=""
         effectiveThingPackage="ConfiguredThing"
         enabled="true"
         homeMashup=""
         identifier=""
         inheritedValueStream=""
         name="TWX.Metrices.ProcessesInfoHelper_Thing"
         projectName="TempTWXMetrices"
         published="false"
         tags=""
         thingTemplate="GenericThing"
         valueStream="">
            <avatar></avatar>
            <DesignTimePermissions>
                <Create></Create>
                <Read></Read>
                <Update></Update>
                <Delete></Delete>
                <Metadata></Metadata>
            </DesignTimePermissions>
            <RunTimePermissions></RunTimePermissions>
            <VisibilityPermissions>
                <Visibility></Visibility>
            </VisibilityPermissions>
            <ConfigurationTableDefinitions></ConfigurationTableDefinitions>
            <ConfigurationTables></ConfigurationTables>
            <ThingShape>
                <PropertyDefinitions>
                    <PropertyDefinition
                     aspect.cacheTime="0.0"
                     aspect.dataChangeType="VALUE"
                     aspect.dataShape="TWX.Metrices.ProcessesInfo_DS"
                     aspect.isIndexed="false"
                     aspect.isPersistent="true"
                     baseType="INFOTABLE"
                     category=""
                     description=""
                     isLocalOnly="false"
                     name="ProcessesCache"
                     ordinal="2"></PropertyDefinition>
                </PropertyDefinitions>
                <ServiceDefinitions>
                    <ServiceDefinition
                     aspect.isAsync="false"
                     category=""
                     description=""
                     isAllowOverride="false"
                     isLocalOnly="false"
                     isOpen="false"
                     isPrivate="false"
                     name="GetCPUUsage">
                        <ResultType
                         baseType="NUMBER"
                         description=""
                         name="result"
                         ordinal="0"></ResultType>
                        <ParameterDefinitions></ParameterDefinitions>
                    </ServiceDefinition>
                    <ServiceDefinition
                     aspect.isAsync="false"
                     category=""
                     description=""
                     isAllowOverride="false"
                     isLocalOnly="false"
                     isOpen="false"
                     isPrivate="false"
                     name="GetMemoryUsage">
                        <ResultType
                         baseType="NUMBER"
                         description=""
                         name="result"
                         ordinal="0"></ResultType>
                        <ParameterDefinitions></ParameterDefinitions>
                    </ServiceDefinition>
                    <ServiceDefinition
                     aspect.isAsync="false"
                     category=""
                     description=""
                     isAllowOverride="false"
                     isLocalOnly="false"
                     isOpen="false"
                     isPrivate="false"
                     name="GetProcesses">
                        <ResultType
                         aspect.dataShape="TWX.Metrices.ProcessesInfo_DS"
                         baseType="INFOTABLE"
                         description=""
                         name="result"
                         ordinal="0"></ResultType>
                        <ParameterDefinitions>
                            <FieldDefinition
                             baseType="QUERY"
                             description=""
                             name="Query"
                             ordinal="1"></FieldDefinition>
                        </ParameterDefinitions>
                    </ServiceDefinition>
                </ServiceDefinitions>
                <EventDefinitions></EventDefinitions>
                <ServiceMappings></ServiceMappings>
                <ServiceImplementations>
                    <ServiceImplementation
                     description=""
                     handlerName="Script"
                     name="GetCPUUsage">
                        <ConfigurationTables>
                            <ConfigurationTable
                             dataShapeName=""
                             description=""
                             isMultiRow="false"
                             name="Script"
                             ordinal="0">
                                <DataShape>
                                    <FieldDefinitions>
                                        <FieldDefinition
                                         baseType="STRING"
                                         description="code"
                                         name="code"
                                         ordinal="0"></FieldDefinition>
                                    </FieldDefinitions>
                                </DataShape>
                                <Rows>
                                    <Row>
                                        <code>
                                        <![CDATA[
                                        var processes = me.ProcessesCache;
                                        
                                        let params = {
                                        	t: processes,
                                        	columns: "CPUPercentage",
                                        	aggregates: "SUM"
                                        };
                                        
                                        let result = Resources["InfoTableFunctions"].Aggregate(params).rows[0].SUM_CPUPercentage;
                                        ]]>
                                        </code>
                                    </Row>
                                </Rows>
                            </ConfigurationTable>
                        </ConfigurationTables>
                    </ServiceImplementation>
                    <ServiceImplementation
                     description=""
                     handlerName="Script"
                     name="GetMemoryUsage">
                        <ConfigurationTables>
                            <ConfigurationTable
                             dataShapeName=""
                             description=""
                             isMultiRow="false"
                             name="Script"
                             ordinal="0">
                                <DataShape>
                                    <FieldDefinitions>
                                        <FieldDefinition
                                         baseType="STRING"
                                         description="code"
                                         name="code"
                                         ordinal="0"></FieldDefinition>
                                    </FieldDefinitions>
                                </DataShape>
                                <Rows>
                                    <Row>
                                        <code>
                                        <![CDATA[
                                        var processes = me.ProcessesCache;
                                        
                                        let params = {
                                        	t: processes,
                                        	columns: "MemPercentage",
                                        	aggregates: "SUM"
                                        };
                                        
                                        let result = Resources["InfoTableFunctions"].Aggregate(params).rows[0].SUM_MemPercentage;
                                        ]]>
                                        </code>
                                    </Row>
                                </Rows>
                            </ConfigurationTable>
                        </ConfigurationTables>
                    </ServiceImplementation>
                    <ServiceImplementation
                     description=""
                     handlerName="Script"
                     name="GetProcesses">
                        <ConfigurationTables>
                            <ConfigurationTable
                             dataShapeName=""
                             description=""
                             isMultiRow="false"
                             name="Script"
                             ordinal="0">
                                <DataShape>
                                    <FieldDefinitions>
                                        <FieldDefinition
                                         baseType="STRING"
                                         description="code"
                                         name="code"
                                         ordinal="0"></FieldDefinition>
                                    </FieldDefinitions>
                                </DataShape>
                                <Rows>
                                    <Row>
                                        <code>
                                        <![CDATA[
                                        let processes = Things["TWX.Metrices.OSHIController_Thing"].FetchProcesses();
                                        
                                        me.ProcessesCache = processes;
                                        
                                        let params = {
                                        	types: "STRING,STRING,STRING,STRING" ,
                                        	t: processes ,
                                        	columns: "MemPercentage,CPUPercentage,VSZ,RSS" ,
                                        	expressions: "MemPercentage+' %',CPUPercentage+' %',(VSZ/1073741824).toFixed(2) +' GB', (RSS/1073741824).toFixed(2) +' GB'"
                                        };
                                        //
                                        //// result: INFOTABLE
                                        processes = Resources["InfoTableFunctions"].DeriveFields(params);
                                        
                                        
                                        params = {
                                        	t: processes,
                                        	query: Query
                                        };
                                        
                                        let result = Resources["InfoTableFunctions"].Query(params);
                                        ]]>
                                        </code>
                                    </Row>
                                </Rows>
                            </ConfigurationTable>
                        </ConfigurationTables>
                    </ServiceImplementation>
                </ServiceImplementations>
                <Subscriptions></Subscriptions>
            </ThingShape>
            <PropertyBindings></PropertyBindings>
            <RemotePropertyBindings></RemotePropertyBindings>
            <RemoteServiceBindings></RemoteServiceBindings>
            <RemoteEventBindings></RemoteEventBindings>
            <AlertConfigurations>
                <AlertDefinitions
                 name="ProcessesCache"></AlertDefinitions>
            </AlertConfigurations>
            <ImplementedShapes></ImplementedShapes>
            <ThingProperties>
                <ProcessesCache>
                    <Value>
                        <infoTable>
                            <DataShape>
                                <FieldDefinitions>
                                    <FieldDefinition
                                     aspect.isPrimaryKey="false"
                                     baseType="NUMBER"
                                     description=""
                                     name="CPUPercentage"
                                     ordinal="2"></FieldDefinition>
                                    <FieldDefinition
                                     aspect.isPrimaryKey="true"
                                     baseType="NUMBER"
                                     description=""
                                     name="ID"
                                     ordinal="7"></FieldDefinition>
                                    <FieldDefinition
                                     aspect.isPrimaryKey="false"
                                     baseType="NUMBER"
                                     description=""
                                     name="MemPercentage"
                                     ordinal="1"></FieldDefinition>
                                    <FieldDefinition
                                     aspect.isPrimaryKey="false"
                                     baseType="STRING"
                                     description=""
                                     name="Name"
                                     ordinal="6"></FieldDefinition>
                                    <FieldDefinition
                                     aspect.isPrimaryKey="false"
                                     baseType="NUMBER"
                                     description=""
                                     name="PID"
                                     ordinal="4"></FieldDefinition>
                                    <FieldDefinition
                                     aspect.isPrimaryKey="false"
                                     baseType="NUMBER"
                                     description=""
                                     name="RSS"
                                     ordinal="3"></FieldDefinition>
                                    <FieldDefinition
                                     aspect.isPrimaryKey="false"
                                     baseType="NUMBER"
                                     description=""
                                     name="VSZ"
                                     ordinal="5"></FieldDefinition>
                                </FieldDefinitions>
                            </DataShape>
                            <Rows>
                                <Row>
                                    <CPUPercentage>11.0</CPUPercentage>
                                    <ID>0.0</ID>
                                    <MemPercentage>5.0</MemPercentage>
                                    <Name>
                                    <![CDATA[
                                    java
                                    ]]>
                                    </Name>
                                    <PID>3564131.0</PID>
                                    <RSS>1.524322304E9</RSS>
                                    <VSZ>1.2730437632E10</VSZ>
                                </Row>
                                <Row>
                                    <CPUPercentage>1.0</CPUPercentage>
                                    <ID>1.0</ID>
                                    <MemPercentage>1.0</MemPercentage>
                                    <Name>
                                    <![CDATA[
                                    containerd
                                    ]]>
                                    </Name>
                                    <PID>1014.0</PID>
                                    <RSS>4.8996352E7</RSS>
                                    <VSZ>1.298706432E9</VSZ>
                                </Row>
                                <Row>
                                    <CPUPercentage>1.0</CPUPercentage>
                                    <ID>2.0</ID>
                                    <MemPercentage>1.0</MemPercentage>
                                    <Name>
                                    <![CDATA[
                                    vmtoolsd
                                    ]]>
                                    </Name>
                                    <PID>872.0</PID>
                                    <RSS>8110080.0</RSS>
                                    <VSZ>2.42556928E8</VSZ>
                                </Row>
                                <Row>
                                    <CPUPercentage>1.0</CPUPercentage>
                                    <ID>3.0</ID>
                                    <MemPercentage>1.0</MemPercentage>
                                    <Name>
                                    <![CDATA[
                                    multipathd
                                    ]]>
                                    </Name>
                                    <PID>783.0</PID>
                                    <RSS>1.8837504E7</RSS>
                                    <VSZ>4.21326848E8</VSZ>
                                </Row>
                                <Row>
                                    <CPUPercentage>1.0</CPUPercentage>
                                    <ID>4.0</ID>
                                    <MemPercentage>1.0</MemPercentage>
                                    <Name>
                                    <![CDATA[
                                    systemd-journal
                                    ]]>
                                    </Name>
                                    <PID>16734.0</PID>
                                    <RSS>6.3807488E7</RSS>
                                    <VSZ>1.55488256E8</VSZ>
                                </Row>
                                <Row>
                                    <CPUPercentage>1.0</CPUPercentage>
                                    <ID>5.0</ID>
                                    <MemPercentage>0.0</MemPercentage>
                                    <Name>
                                    <![CDATA[
                                    kworker/2:1-events
                                    ]]>
                                    </Name>
                                    <PID>3553300.0</PID>
                                    <RSS>0.0</RSS>
                                    <VSZ>0.0</VSZ>
                                </Row>
                                <Row>
                                    <CPUPercentage>1.0</CPUPercentage>
                                    <ID>6.0</ID>
                                    <MemPercentage>0.0</MemPercentage>
                                    <Name>
                                    <![CDATA[
                                    rcu_sched
                                    ]]>
                                    </Name>
                                    <PID>10.0</PID>
                                    <RSS>0.0</RSS>
                                    <VSZ>0.0</VSZ>
                                </Row>
                                <Row>
                                    <CPUPercentage>1.0</CPUPercentage>
                                    <ID>7.0</ID>
                                    <MemPercentage>1.0</MemPercentage>
                                    <Name>
                                    <![CDATA[
                                    rsyslogd
                                    ]]>
                                    </Name>
                                    <PID>897781.0</PID>
                                    <RSS>5468160.0</RSS>
                                    <VSZ>2.29814272E8</VSZ>
                                </Row>
                                <Row>
                                    <CPUPercentage>1.0</CPUPercentage>
                                    <ID>8.0</ID>
                                    <MemPercentage>1.0</MemPercentage>
                                    <Name>
                                    <![CDATA[
                                    dockerd
                                    ]]>
                                    </Name>
                                    <PID>1092.0</PID>
                                    <RSS>1.14802688E8</RSS>
                                    <VSZ>1.423179776E9</VSZ>
                                </Row>
                                <Row>
                                    <CPUPercentage>1.0</CPUPercentage>
                                    <ID>9.0</ID>
                                    <MemPercentage>0.0</MemPercentage>
                                    <Name>
                                    <![CDATA[
                                    kworker/3:1-events
                                    ]]>
                                    </Name>
                                    <PID>3448598.0</PID>
                                    <RSS>0.0</RSS>
                                    <VSZ>0.0</VSZ>
                                </Row>
                                <Row>
                                    <CPUPercentage>1.0</CPUPercentage>
                                    <ID>10.0</ID>
                                    <MemPercentage>0.0</MemPercentage>
                                    <Name>
                                    <![CDATA[
                                    kworker/0:0-events
                                    ]]>
                                    </Name>
                                    <PID>3551824.0</PID>
                                    <RSS>0.0</RSS>
                                    <VSZ>0.0</VSZ>
                                </Row>
                                <Row>
                                    <CPUPercentage>1.0</CPUPercentage>
                                    <ID>11.0</ID>
                                    <MemPercentage>1.0</MemPercentage>
                                    <Name>
                                    <![CDATA[
                                    node
                                    ]]>
                                    </Name>
                                    <PID>2055995.0</PID>
                                    <RSS>8.0027648E7</RSS>
                                    <VSZ>9.59082496E8</VSZ>
                                </Row>
                                <Row>
                                    <CPUPercentage>1.0</CPUPercentage>
                                    <ID>12.0</ID>
                                    <MemPercentage>0.0</MemPercentage>
                                    <Name>
                                    <![CDATA[
                                    kworker/1:2-events
                                    ]]>
                                    </Name>
                                    <PID>3520618.0</PID>
                                    <RSS>0.0</RSS>
                                    <VSZ>0.0</VSZ>
                                </Row>
                                <Row>
                                    <CPUPercentage>1.0</CPUPercentage>
                                    <ID>13.0</ID>
                                    <MemPercentage>0.0</MemPercentage>
                                    <Name>
                                    <![CDATA[
                                    kworker/u8:3-events_freezable_power_
                                    ]]>
                                    </Name>
                                    <PID>3603566.0</PID>
                                    <RSS>0.0</RSS>
                                    <VSZ>0.0</VSZ>
                                </Row>
                                <Row>
                                    <CPUPercentage>1.0</CPUPercentage>
                                    <ID>14.0</ID>
                                    <MemPercentage>0.0</MemPercentage>
                                    <Name>
                                    <![CDATA[
                                    kworker/u8:2-events_power_efficient
                                    ]]>
                                    </Name>
                                    <PID>3604350.0</PID>
                                    <RSS>0.0</RSS>
                                    <VSZ>0.0</VSZ>
                                </Row>
                            </Rows>
                        </infoTable>
                    </Value>
                    <Timestamp>2023-01-12T06:31:16.287Z</Timestamp>
                    <Quality>GOOD</Quality>
                </ProcessesCache>
            </ThingProperties>
        </Thing>
    </Things>
</Entities>
