<?xml version="1.0" encoding="UTF-8"?>
<Entities
 majorVersion="9"
 minorVersion="3"
 universal="">
    <Things>
        <Thing
         description=""
         documentationContent=""
         effectiveThingPackage="ConfiguredThing"
         enabled="true"
         homeMashup=""
         identifier=""
         inheritedValueStream=""
         name="TWX.Metrices.HistoricDataHelper_Thing"
         projectName="TempTWXMetrices"
         published="false"
         tags=""
         thingTemplate="GenericThing"
         valueStream="TWX.Metrices.HistoricData_VS">
            <avatar></avatar>
            <DesignTimePermissions>
                <Create></Create>
                <Read></Read>
                <Update></Update>
                <Delete></Delete>
                <Metadata></Metadata>
            </DesignTimePermissions>
            <RunTimePermissions></RunTimePermissions>
            <VisibilityPermissions>
                <Visibility></Visibility>
            </VisibilityPermissions>
            <ConfigurationTableDefinitions></ConfigurationTableDefinitions>
            <ConfigurationTables></ConfigurationTables>
            <ThingShape>
                <PropertyDefinitions>
                    <PropertyDefinition
                     aspect.cacheTime="0.0"
                     aspect.dataChangeType="VALUE"
                     aspect.isLogged="true"
                     baseType="NUMBER"
                     category=""
                     description=""
                     isLocalOnly="false"
                     name="CPU_USE_PERCENTAGE"
                     ordinal="2"></PropertyDefinition>
                    <PropertyDefinition
                     aspect.cacheTime="0.0"
                     aspect.dataChangeType="VALUE"
                     aspect.isLogged="true"
                     baseType="NUMBER"
                     category=""
                     description=""
                     isLocalOnly="false"
                     name="DISK_TOTAL"
                     ordinal="8"></PropertyDefinition>
                    <PropertyDefinition
                     aspect.cacheTime="0.0"
                     aspect.dataChangeType="VALUE"
                     aspect.isLogged="true"
                     aspect.isPersistent="false"
                     baseType="NUMBER"
                     category=""
                     description=""
                     isLocalOnly="false"
                     name="DISK_USED"
                     ordinal="9"></PropertyDefinition>
                    <PropertyDefinition
                     aspect.cacheTime="0.0"
                     aspect.dataChangeType="VALUE"
                     aspect.isLogged="true"
                     baseType="STRING"
                     category=""
                     description=""
                     isLocalOnly="false"
                     name="MEMORY_METRICES_JMX"
                     ordinal="11"></PropertyDefinition>
                    <PropertyDefinition
                     aspect.cacheTime="0.0"
                     aspect.dataChangeType="VALUE"
                     aspect.isIndexed="false"
                     aspect.isLogged="true"
                     aspect.isPersistent="false"
                     baseType="STRING"
                     category=""
                     description=""
                     isLocalOnly="false"
                     name="PlatformMetrices"
                     ordinal="10"></PropertyDefinition>
                    <PropertyDefinition
                     aspect.cacheTime="0.0"
                     aspect.dataChangeType="VALUE"
                     aspect.isLogged="true"
                     aspect.isPersistent="false"
                     baseType="NUMBER"
                     category=""
                     description=""
                     isLocalOnly="false"
                     name="RAM_FREE"
                     ordinal="5"></PropertyDefinition>
                    <PropertyDefinition
                     aspect.cacheTime="0.0"
                     aspect.dataChangeType="VALUE"
                     aspect.isLogged="true"
                     aspect.isPersistent="false"
                     baseType="NUMBER"
                     category=""
                     description=""
                     isLocalOnly="false"
                     name="RAM_USE_PERCENTAGE"
                     ordinal="3"></PropertyDefinition>
                    <PropertyDefinition
                     aspect.cacheTime="0.0"
                     aspect.dataChangeType="VALUE"
                     aspect.isLogged="true"
                     baseType="NUMBER"
                     category=""
                     description=""
                     isLocalOnly="false"
                     name="RAM_USED"
                     ordinal="4"></PropertyDefinition>
                    <PropertyDefinition
                     aspect.cacheTime="0.0"
                     aspect.dataChangeType="VALUE"
                     aspect.isLogged="true"
                     baseType="NUMBER"
                     category=""
                     description=""
                     isLocalOnly="false"
                     name="TOTAL_HEAP"
                     ordinal="6"></PropertyDefinition>
                    <PropertyDefinition
                     aspect.cacheTime="0.0"
                     aspect.dataChangeType="VALUE"
                     aspect.isLogged="true"
                     aspect.isPersistent="false"
                     baseType="NUMBER"
                     category=""
                     description=""
                     isLocalOnly="false"
                     name="USED_HEAP"
                     ordinal="7"></PropertyDefinition>
                </PropertyDefinitions>
                <ServiceDefinitions>
                    <ServiceDefinition
                     aspect.isAsync="false"
                     category=""
                     description=""
                     isAllowOverride="false"
                     isLocalOnly="false"
                     isOpen="false"
                     isPrivate="false"
                     name="GetCPUUsageHistory">
                        <ResultType
                         aspect.dataShape="TWX.Metrices.CPUUsage_DS"
                         baseType="INFOTABLE"
                         description=""
                         name="result"
                         ordinal="0"></ResultType>
                        <ParameterDefinitions>
                            <FieldDefinition
                             baseType="DATETIME"
                             description=""
                             name="EndDate"
                             ordinal="2"></FieldDefinition>
                            <FieldDefinition
                             baseType="DATETIME"
                             description=""
                             name="StartDate"
                             ordinal="1"></FieldDefinition>
                        </ParameterDefinitions>
                    </ServiceDefinition>
                    <ServiceDefinition
                     aspect.isAsync="false"
                     category=""
                     description=""
                     isAllowOverride="false"
                     isLocalOnly="false"
                     isOpen="false"
                     isPrivate="false"
                     name="GetMemoryUsageHistory">
                        <ResultType
                         aspect.dataShape="TWX.Metrices.ActiveUsersAndSessions_DS"
                         baseType="INFOTABLE"
                         description=""
                         name="result"
                         ordinal="0"></ResultType>
                        <ParameterDefinitions>
                            <FieldDefinition
                             baseType="DATETIME"
                             description=""
                             name="EndDate"
                             ordinal="2"></FieldDefinition>
                            <FieldDefinition
                             baseType="DATETIME"
                             description=""
                             name="StartDate"
                             ordinal="1"></FieldDefinition>
                        </ParameterDefinitions>
                    </ServiceDefinition>
                    <ServiceDefinition
                     aspect.isAsync="false"
                     category=""
                     description=""
                     isAllowOverride="false"
                     isLocalOnly="false"
                     isOpen="false"
                     isPrivate="false"
                     name="GetUserAndSessionsHistory">
                        <ResultType
                         aspect.dataShape="TWX.Metrices.ActiveUsersAndSessions_DS"
                         baseType="INFOTABLE"
                         description=""
                         name="result"
                         ordinal="0"></ResultType>
                        <ParameterDefinitions>
                            <FieldDefinition
                             baseType="DATETIME"
                             description=""
                             name="EndDate"
                             ordinal="2"></FieldDefinition>
                            <FieldDefinition
                             baseType="DATETIME"
                             description=""
                             name="StartDate"
                             ordinal="1"></FieldDefinition>
                        </ParameterDefinitions>
                    </ServiceDefinition>
                </ServiceDefinitions>
                <EventDefinitions></EventDefinitions>
                <ServiceMappings></ServiceMappings>
                <ServiceImplementations>
                    <ServiceImplementation
                     description=""
                     handlerName="Script"
                     name="GetCPUUsageHistory">
                        <ConfigurationTables>
                            <ConfigurationTable
                             dataShapeName=""
                             description=""
                             isMultiRow="false"
                             name="Script"
                             ordinal="0">
                                <DataShape>
                                    <FieldDefinitions>
                                        <FieldDefinition
                                         baseType="STRING"
                                         description="code"
                                         name="code"
                                         ordinal="0"></FieldDefinition>
                                    </FieldDefinitions>
                                </DataShape>
                                <Rows>
                                    <Row>
                                        <code>
                                        <![CDATA[
                                        var result =  DataShapes["TWX.Metrices.CPUUsage_DS"].CreateValues();
                                        (() => {
                                            result = me.QueryNumberPropertyHistory({
                                                maxItems: 100000,
                                                propertyName: "CPU_USE_PERCENTAGE",
                                                startDate: StartDate ,
                                        		endDate: EndDate,
                                            });
                                         result.RemoveField('id');
                                        
                                        })();
                                        ]]>
                                        </code>
                                    </Row>
                                </Rows>
                            </ConfigurationTable>
                        </ConfigurationTables>
                    </ServiceImplementation>
                    <ServiceImplementation
                     description=""
                     handlerName="Script"
                     name="GetMemoryUsageHistory">
                        <ConfigurationTables>
                            <ConfigurationTable
                             dataShapeName=""
                             description=""
                             isMultiRow="false"
                             name="Script"
                             ordinal="0">
                                <DataShape>
                                    <FieldDefinitions>
                                        <FieldDefinition
                                         baseType="STRING"
                                         description="code"
                                         name="code"
                                         ordinal="0"></FieldDefinition>
                                    </FieldDefinitions>
                                </DataShape>
                                <Rows>
                                    <Row>
                                        <code>
                                        <![CDATA[
                                        var result = DataShapes["TWX.Metrices.MemoryUsage_DS"].CreateValues();
                                        (() => {
                                            var userAndSessionsHistory = me.QueryStringPropertyHistory({
                                                maxItems: 100000,
                                                propertyName: "MEMORY_METRICES_JMX",
                                                startDate: StartDate ,
                                        		endDate: EndDate,
                                            });
                                            
                                            userAndSessionsHistory.rows.toArray().forEach((row) => {
                                                let temp = JSON.parse(row.value || '{}');
                                                Object.keys(temp).forEach(function(key) {
                                                   temp[key] = (temp[key] / 1073741824).toFixed(2);
                                                });
                                                temp.USED_MEMORY = (temp.TOTAL_MEMORY-temp.FREE_MEMORY).toFixed(2);
                                                temp.timestamp = row.timestamp;
                                                result.AddRow(temp);
                                            });
                                        })();
                                        ]]>
                                        </code>
                                    </Row>
                                </Rows>
                            </ConfigurationTable>
                        </ConfigurationTables>
                    </ServiceImplementation>
                    <ServiceImplementation
                     description=""
                     handlerName="Script"
                     name="GetUserAndSessionsHistory">
                        <ConfigurationTables>
                            <ConfigurationTable
                             dataShapeName=""
                             description=""
                             isMultiRow="false"
                             name="Script"
                             ordinal="0">
                                <DataShape>
                                    <FieldDefinitions>
                                        <FieldDefinition
                                         baseType="STRING"
                                         description="code"
                                         name="code"
                                         ordinal="0"></FieldDefinition>
                                    </FieldDefinitions>
                                </DataShape>
                                <Rows>
                                    <Row>
                                        <code>
                                        <![CDATA[
                                        var result = DataShapes["TWX.Metrices.ActiveUsersAndSessions_DS"].CreateValues();
                                        (() => {
                                            var userAndSessionsHistory = me.QueryStringPropertyHistory({
                                                maxItems: 100000,
                                                propertyName: "PlatformMetrices",
                                                startDate: StartDate ,
                                        		endDate: EndDate,
                                            });
                                            userAndSessionsHistory.rows.toArray().forEach((row) => {
                                                let temp = JSON.parse(row.value || '{}');
                                                result.AddRow({
                                                    ACTIVE_USERS: temp.ACTIVE_USERS,
                                                    ACTIVE_SESSIONS: temp.ACTIVE_USER_SESSIONS,
                                                    timestamp: row.timestamp
                                                });
                                            });
                                        })();
                                        ]]>
                                        </code>
                                    </Row>
                                </Rows>
                            </ConfigurationTable>
                        </ConfigurationTables>
                    </ServiceImplementation>
                </ServiceImplementations>
                <Subscriptions></Subscriptions>
            </ThingShape>
            <PropertyBindings></PropertyBindings>
            <RemotePropertyBindings></RemotePropertyBindings>
            <RemoteServiceBindings></RemoteServiceBindings>
            <RemoteEventBindings></RemoteEventBindings>
            <AlertConfigurations>
                <AlertDefinitions
                 name="CPU_USE_PERCENTAGE"></AlertDefinitions>
                <AlertDefinitions
                 name="DISK_TOTAL"></AlertDefinitions>
                <AlertDefinitions
                 name="DISK_USED"></AlertDefinitions>
                <AlertDefinitions
                 name="MEMORY_METRICES_JMX"></AlertDefinitions>
                <AlertDefinitions
                 name="PlatformMetrices"></AlertDefinitions>
                <AlertDefinitions
                 name="RAM_FREE"></AlertDefinitions>
                <AlertDefinitions
                 name="RAM_USE_PERCENTAGE"></AlertDefinitions>
                <AlertDefinitions
                 name="RAM_USED"></AlertDefinitions>
                <AlertDefinitions
                 name="TOTAL_HEAP"></AlertDefinitions>
                <AlertDefinitions
                 name="USED_HEAP"></AlertDefinitions>
            </AlertConfigurations>
            <ImplementedShapes></ImplementedShapes>
            <ThingProperties></ThingProperties>
        </Thing>
    </Things>
</Entities>
