<?xml version="1.0" encoding="UTF-8"?>
<Entities
 majorVersion="9"
 minorVersion="3"
 universal="">
    <Things>
        <Thing
         description=""
         documentationContent=""
         effectiveThingPackage="ConfiguredThing"
         enabled="true"
         homeMashup=""
         identifier=""
         inheritedValueStream=""
         name="TWX.Metrices.OSHIController_Thing"
         projectName="TempTWXMetrices"
         published="false"
         tags=""
         thingTemplate="TWX.Metrices.OSHIController_TT"
         valueStream="">
            <avatar></avatar>
            <DesignTimePermissions>
                <Create></Create>
                <Read></Read>
                <Update></Update>
                <Delete></Delete>
                <Metadata></Metadata>
            </DesignTimePermissions>
            <RunTimePermissions></RunTimePermissions>
            <VisibilityPermissions>
                <Visibility></Visibility>
            </VisibilityPermissions>
            <ConfigurationTableDefinitions></ConfigurationTableDefinitions>
            <ConfigurationTables></ConfigurationTables>
            <ThingShape>
                <PropertyDefinitions></PropertyDefinitions>
                <ServiceDefinitions></ServiceDefinitions>
                <EventDefinitions></EventDefinitions>
                <ServiceMappings></ServiceMappings>
                <ServiceImplementations></ServiceImplementations>
                <Subscriptions></Subscriptions>
            </ThingShape>
            <PropertyBindings></PropertyBindings>
            <RemotePropertyBindings></RemotePropertyBindings>
            <RemoteServiceBindings></RemoteServiceBindings>
            <RemoteEventBindings></RemoteEventBindings>
            <AlertConfigurations></AlertConfigurations>
            <ImplementedShapes></ImplementedShapes>
            <ThingProperties>
                <MemoryInfo>
                    <Value>
                        <infoTable>
                            <DataShape>
                                <FieldDefinitions>
                                    <FieldDefinition
                                     aspect.isPrimaryKey="false"
                                     baseType="NUMBER"
                                     description=""
                                     name="AvilableMemory"
                                     ordinal="0"></FieldDefinition>
                                    <FieldDefinition
                                     aspect.isPrimaryKey="false"
                                     baseType="NUMBER"
                                     description=""
                                     name="MempryPageSize"
                                     ordinal="0"></FieldDefinition>
                                    <FieldDefinition
                                     aspect.isPrimaryKey="false"
                                     baseType="NUMBER"
                                     description=""
                                     name="TotalMemory"
                                     ordinal="0"></FieldDefinition>
                                    <FieldDefinition
                                     aspect.isPrimaryKey="false"
                                     baseType="NUMBER"
                                     description=""
                                     name="VirtualMem-SwapTotal"
                                     ordinal="0"></FieldDefinition>
                                    <FieldDefinition
                                     aspect.isPrimaryKey="false"
                                     baseType="NUMBER"
                                     description=""
                                     name="VirtualMem-VirtualInUse"
                                     ordinal="0"></FieldDefinition>
                                    <FieldDefinition
                                     aspect.isPrimaryKey="false"
                                     baseType="NUMBER"
                                     description=""
                                     name="VirtualMem-VirtualMax"
                                     ordinal="0"></FieldDefinition>
                                </FieldDefinitions>
                            </DataShape>
                            <Rows>
                                <Row>
                                    <AvilableMemory>3.1295922176E10</AvilableMemory>
                                    <MempryPageSize>4096.0</MempryPageSize>
                                    <TotalMemory>3.3677692928E10</TotalMemory>
                                    <VirtualMem-SwapTotal>8.589930496E9</VirtualMem-SwapTotal>
                                    <VirtualMem-VirtualInUse>2.381770752E9</VirtualMem-VirtualInUse>
                                    <VirtualMem-VirtualMax>2.5428774912E10</VirtualMem-VirtualMax>
                                </Row>
                            </Rows>
                        </infoTable>
                    </Value>
                    <Timestamp>2023-01-11T13:02:13.680Z</Timestamp>
                    <Quality>GOOD</Quality>
                </MemoryInfo>
                <CPUInfo>
                    <Value>
                        <infoTable>
                            <DataShape>
                                <FieldDefinitions>
                                    <FieldDefinition
                                     aspect.dataShape="TWX.Metrices.ProcessorCache_DS"
                                     aspect.isPrimaryKey="false"
                                     baseType="INFOTABLE"
                                     description=""
                                     name="CacheDetails"
                                     ordinal="0"></FieldDefinition>
                                    <FieldDefinition
                                     aspect.isPrimaryKey="false"
                                     baseType="BOOLEAN"
                                     description=""
                                     name="Is64BitProcessor"
                                     ordinal="0"></FieldDefinition>
                                    <FieldDefinition
                                     aspect.isPrimaryKey="false"
                                     baseType="DATETIME"
                                     description=""
                                     name="LastRefresh"
                                     ordinal="0"></FieldDefinition>
                                    <FieldDefinition
                                     aspect.isPrimaryKey="false"
                                     baseType="NUMBER"
                                     description=""
                                     name="PhysicalProcessorCount"
                                     ordinal="0"></FieldDefinition>
                                    <FieldDefinition
                                     aspect.isPrimaryKey="false"
                                     baseType="STRING"
                                     description=""
                                     name="ProcessorArchitecture"
                                     ordinal="0"></FieldDefinition>
                                    <FieldDefinition
                                     aspect.isPrimaryKey="false"
                                     baseType="NUMBER"
                                     description=""
                                     name="ProcessorFrequency"
                                     ordinal="0"></FieldDefinition>
                                    <FieldDefinition
                                     aspect.isPrimaryKey="false"
                                     baseType="STRING"
                                     description=""
                                     name="ProcessorIdentifier"
                                     ordinal="0"></FieldDefinition>
                                    <FieldDefinition
                                     aspect.isPrimaryKey="false"
                                     baseType="NUMBER"
                                     description=""
                                     name="ProcessorLogicalCoreCount"
                                     ordinal="0"></FieldDefinition>
                                    <FieldDefinition
                                     aspect.isPrimaryKey="false"
                                     baseType="STRING"
                                     description=""
                                     name="ProcessorName"
                                     ordinal="0"></FieldDefinition>
                                    <FieldDefinition
                                     aspect.isPrimaryKey="false"
                                     baseType="STRING"
                                     description=""
                                     name="ProcessorVendor"
                                     ordinal="0"></FieldDefinition>
                                </FieldDefinitions>
                            </DataShape>
                            <Rows>
                                <Row>
                                    <CacheDetails>
                                        <infoTable>
                                            <DataShape>
                                                <FieldDefinitions>
                                                    <FieldDefinition
                                                     aspect.isPrimaryKey="false"
                                                     baseType="NUMBER"
                                                     description=""
                                                     name="Associativity"
                                                     ordinal="0"></FieldDefinition>
                                                    <FieldDefinition
                                                     aspect.isPrimaryKey="false"
                                                     baseType="NUMBER"
                                                     description=""
                                                     name="ID"
                                                     ordinal="0"></FieldDefinition>
                                                    <FieldDefinition
                                                     aspect.isPrimaryKey="false"
                                                     baseType="NUMBER"
                                                     description=""
                                                     name="Level"
                                                     ordinal="0"></FieldDefinition>
                                                    <FieldDefinition
                                                     aspect.isPrimaryKey="false"
                                                     aspect.units="B"
                                                     baseType="NUMBER"
                                                     description=""
                                                     name="Size"
                                                     ordinal="0"></FieldDefinition>
                                                    <FieldDefinition
                                                     aspect.isPrimaryKey="false"
                                                     baseType="STRING"
                                                     description=""
                                                     name="Type"
                                                     ordinal="0"></FieldDefinition>
                                                </FieldDefinitions>
                                            </DataShape>
                                            <Rows>
                                                <Row>
                                                    <Associativity>20.0</Associativity>
                                                    <ID>0.0</ID>
                                                    <Level>3.0</Level>
                                                    <Size>15360.0</Size>
                                                    <Type>
                                                    <![CDATA[
                                                    UNIFIED
                                                    ]]>
                                                    </Type>
                                                </Row>
                                                <Row>
                                                    <Associativity>8.0</Associativity>
                                                    <ID>1.0</ID>
                                                    <Level>2.0</Level>
                                                    <Size>256.0</Size>
                                                    <Type>
                                                    <![CDATA[
                                                    UNIFIED
                                                    ]]>
                                                    </Type>
                                                </Row>
                                                <Row>
                                                    <Associativity>8.0</Associativity>
                                                    <ID>2.0</ID>
                                                    <Level>1.0</Level>
                                                    <Size>32.0</Size>
                                                    <Type>
                                                    <![CDATA[
                                                    INSTRUCTION
                                                    ]]>
                                                    </Type>
                                                </Row>
                                                <Row>
                                                    <Associativity>8.0</Associativity>
                                                    <ID>3.0</ID>
                                                    <Level>1.0</Level>
                                                    <Size>32.0</Size>
                                                    <Type>
                                                    <![CDATA[
                                                    DATA
                                                    ]]>
                                                    </Type>
                                                </Row>
                                            </Rows>
                                        </infoTable>
                                    </CacheDetails>
                                    <Is64BitProcessor>true</Is64BitProcessor>
                                    <LastRefresh>2023-01-11T13:02:13.645Z</LastRefresh>
                                    <PhysicalProcessorCount>4.0</PhysicalProcessorCount>
                                    <ProcessorArchitecture>
                                    <![CDATA[
                                    Sandy Bridge (Server)
                                    ]]>
                                    </ProcessorArchitecture>
                                    <ProcessorFrequency>2.0E9</ProcessorFrequency>
                                    <ProcessorIdentifier>
                                    <![CDATA[
                                    Intel64 Family 6 Model 45 Stepping 2
                                    ]]>
                                    </ProcessorIdentifier>
                                    <ProcessorLogicalCoreCount>4.0</ProcessorLogicalCoreCount>
                                    <ProcessorName>
                                    <![CDATA[
                                    Intel(R) Xeon(R) CPU E5-2620 0 @ 2.00GHz
                                    ]]>
                                    </ProcessorName>
                                    <ProcessorVendor>
                                    <![CDATA[
                                    GenuineIntel
                                    ]]>
                                    </ProcessorVendor>
                                </Row>
                            </Rows>
                        </infoTable>
                    </Value>
                    <Timestamp>2023-01-11T13:02:13.648Z</Timestamp>
                    <Quality>GOOD</Quality>
                </CPUInfo>
                <PhysicalMemory>
                    <Value>
                        <infoTable>
                            <DataShape>
                                <FieldDefinitions>
                                    <FieldDefinition
                                     aspect.isPrimaryKey="false"
                                     baseType="NUMBER"
                                     description=""
                                     name="Capacity"
                                     ordinal="0"></FieldDefinition>
                                    <FieldDefinition
                                     aspect.isPrimaryKey="false"
                                     baseType="NUMBER"
                                     description=""
                                     name="ID"
                                     ordinal="0"></FieldDefinition>
                                    <FieldDefinition
                                     aspect.isPrimaryKey="false"
                                     baseType="STRING"
                                     description=""
                                     name="Label"
                                     ordinal="0"></FieldDefinition>
                                    <FieldDefinition
                                     aspect.isPrimaryKey="false"
                                     baseType="STRING"
                                     description=""
                                     name="Manufacturer"
                                     ordinal="0"></FieldDefinition>
                                    <FieldDefinition
                                     aspect.isPrimaryKey="false"
                                     baseType="STRING"
                                     description=""
                                     name="Type"
                                     ordinal="0"></FieldDefinition>
                                </FieldDefinitions>
                            </DataShape>
                            <Rows>
                                <Row>
                                    <Capacity>1.7179869184E10</Capacity>
                                    <ID>0.0</ID>
                                    <Label>
                                    <![CDATA[
                                    RAM slot #0/RAM slot #0
                                    ]]>
                                    </Label>
                                    <Manufacturer>
                                    <![CDATA[
                                    Not Specified
                                    ]]>
                                    </Manufacturer>
                                    <Type>
                                    <![CDATA[
                                    DRAM
                                    ]]>
                                    </Type>
                                </Row>
                                <Row>
                                    <Capacity>1.7179869184E10</Capacity>
                                    <ID>1.0</ID>
                                    <Label>
                                    <![CDATA[
                                    RAM slot #1/RAM slot #1
                                    ]]>
                                    </Label>
                                    <Manufacturer>
                                    <![CDATA[
                                    Not Specified
                                    ]]>
                                    </Manufacturer>
                                    <Type>
                                    <![CDATA[
                                    DRAM
                                    ]]>
                                    </Type>
                                </Row>
                            </Rows>
                        </infoTable>
                    </Value>
                    <Timestamp>2023-01-11T13:02:13.681Z</Timestamp>
                    <Quality>GOOD</Quality>
                </PhysicalMemory>
                <DiskInfo>
                    <Value>
                        <infoTable>
                            <DataShape>
                                <FieldDefinitions>
                                    <FieldDefinition
                                     aspect.isPrimaryKey="false"
                                     baseType="NUMBER"
                                     description=""
                                     name="CurrentQueueLength"
                                     ordinal="6"></FieldDefinition>
                                    <FieldDefinition
                                     aspect.isPrimaryKey="true"
                                     baseType="NUMBER"
                                     description=""
                                     name="ID"
                                     ordinal="12"></FieldDefinition>
                                    <FieldDefinition
                                     aspect.isPrimaryKey="false"
                                     baseType="STRING"
                                     description=""
                                     name="Model"
                                     ordinal="5"></FieldDefinition>
                                    <FieldDefinition
                                     aspect.isPrimaryKey="false"
                                     baseType="STRING"
                                     description=""
                                     name="Name"
                                     ordinal="10"></FieldDefinition>
                                    <FieldDefinition
                                     aspect.dataShape="TWX.Metrices.PartitionInfo_DS"
                                     aspect.isPrimaryKey="false"
                                     baseType="INFOTABLE"
                                     description=""
                                     name="partitions"
                                     ordinal="2"></FieldDefinition>
                                    <FieldDefinition
                                     aspect.isPrimaryKey="false"
                                     baseType="NUMBER"
                                     description=""
                                     name="ReadBytes"
                                     ordinal="8"></FieldDefinition>
                                    <FieldDefinition
                                     aspect.isPrimaryKey="false"
                                     baseType="NUMBER"
                                     description=""
                                     name="Reads"
                                     ordinal="9"></FieldDefinition>
                                    <FieldDefinition
                                     aspect.isPrimaryKey="false"
                                     baseType="NUMBER"
                                     description=""
                                     name="Size"
                                     ordinal="4"></FieldDefinition>
                                    <FieldDefinition
                                     aspect.isPrimaryKey="false"
                                     baseType="DATETIME"
                                     description=""
                                     name="Timestamp"
                                     ordinal="1"></FieldDefinition>
                                    <FieldDefinition
                                     aspect.isPrimaryKey="false"
                                     baseType="NUMBER"
                                     description=""
                                     name="TransferTime"
                                     ordinal="11"></FieldDefinition>
                                    <FieldDefinition
                                     aspect.isPrimaryKey="false"
                                     baseType="NUMBER"
                                     description=""
                                     name="UsableSpace"
                                     ordinal="14"></FieldDefinition>
                                    <FieldDefinition
                                     aspect.isPrimaryKey="false"
                                     baseType="NUMBER"
                                     description=""
                                     name="UsedSpace"
                                     ordinal="13"></FieldDefinition>
                                    <FieldDefinition
                                     aspect.isPrimaryKey="false"
                                     baseType="NUMBER"
                                     description=""
                                     name="WriteBytes"
                                     ordinal="3"></FieldDefinition>
                                    <FieldDefinition
                                     aspect.isPrimaryKey="false"
                                     baseType="NUMBER"
                                     description=""
                                     name="Writes"
                                     ordinal="7"></FieldDefinition>
                                </FieldDefinitions>
                            </DataShape>
                            <Rows>
                                <Row>
                                    <CurrentQueueLength>0.0</CurrentQueueLength>
                                    <ID>0.0</ID>
                                    <Model>
                                    <![CDATA[
                                    Virtual_disk
                                    ]]>
                                    </Model>
                                    <Name>
                                    <![CDATA[
                                    /dev/sda
                                    ]]>
                                    </Name>
                                    <ReadBytes>1.520682496E9</ReadBytes>
                                    <Reads>69784.0</Reads>
                                    <Size>1.073741824E11</Size>
                                    <Timestamp>2023-01-12T04:43:51.613Z</Timestamp>
                                    <TransferTime>9.3870472E7</TransferTime>
                                    <WriteBytes>9.40102549504E11</WriteBytes>
                                    <Writes>1.44212433E8</Writes>
                                    <partitions>
                                        <infoTable>
                                            <DataShape>
                                                <FieldDefinitions>
                                                    <FieldDefinition
                                                     aspect.isPrimaryKey="false"
                                                     baseType="STRING"
                                                     description=""
                                                     name="Identification"
                                                     ordinal="2"></FieldDefinition>
                                                    <FieldDefinition
                                                     aspect.isPrimaryKey="false"
                                                     baseType="STRING"
                                                     description=""
                                                     name="MountPoint"
                                                     ordinal="1"></FieldDefinition>
                                                    <FieldDefinition
                                                     aspect.isPrimaryKey="false"
                                                     baseType="STRING"
                                                     description=""
                                                     name="Name"
                                                     ordinal="6"></FieldDefinition>
                                                    <FieldDefinition
                                                     aspect.isPrimaryKey="false"
                                                     baseType="NUMBER"
                                                     description=""
                                                     name="Size"
                                                     ordinal="3"></FieldDefinition>
                                                    <FieldDefinition
                                                     aspect.isPrimaryKey="false"
                                                     baseType="STRING"
                                                     description=""
                                                     name="Type"
                                                     ordinal="4"></FieldDefinition>
                                                    <FieldDefinition
                                                     aspect.isPrimaryKey="false"
                                                     baseType="NUMBER"
                                                     description=""
                                                     name="UsedSpace"
                                                     ordinal="7"></FieldDefinition>
                                                    <FieldDefinition
                                                     aspect.isPrimaryKey="false"
                                                     baseType="STRING"
                                                     description=""
                                                     name="UUID"
                                                     ordinal="5"></FieldDefinition>
                                                </FieldDefinitions>
                                            </DataShape>
                                            <Rows>
                                                <Row>
                                                    <Identification>
                                                    <![CDATA[
                                                    /dev/sda1
                                                    ]]>
                                                    </Identification>
                                                    <MountPoint></MountPoint>
                                                    <Name>
                                                    <![CDATA[
                                                    /sys/devices/pci0000:00/0000:00:10.0/host32/target32:0:0/32:0:0:0/block/sda/sda1
                                                    ]]>
                                                    </Name>
                                                    <Size>1048576.0</Size>
                                                    <Type>
                                                    <![CDATA[
                                                    partition
                                                    ]]>
                                                    </Type>
                                                    <UUID></UUID>
                                                </Row>
                                                <Row>
                                                    <Identification>
                                                    <![CDATA[
                                                    /dev/sda2
                                                    ]]>
                                                    </Identification>
                                                    <MountPoint>
                                                    <![CDATA[
                                                    /boot
                                                    ]]>
                                                    </MountPoint>
                                                    <Name>
                                                    <![CDATA[
                                                    /sys/devices/pci0000:00/0000:00:10.0/host32/target32:0:0/32:0:0:0/block/sda/sda2
                                                    ]]>
                                                    </Name>
                                                    <Size>5.36870912E9</Size>
                                                    <Type>
                                                    <![CDATA[
                                                    ext4
                                                    ]]>
                                                    </Type>
                                                    <UUID>
                                                    <![CDATA[
                                                    981dd474-5c11-4350-960c-8c4fd4744fdd
                                                    ]]>
                                                    </UUID>
                                                </Row>
                                                <Row>
                                                    <Identification>
                                                    <![CDATA[
                                                    /dev/sda3
                                                    ]]>
                                                    </Identification>
                                                    <MountPoint>
                                                    <![CDATA[
                                                    /home
                                                    ]]>
                                                    </MountPoint>
                                                    <Name>
                                                    <![CDATA[
                                                    /sys/devices/pci0000:00/0000:00:10.0/host32/target32:0:0/32:0:0:0/block/sda/sda3
                                                    ]]>
                                                    </Name>
                                                    <Size>1.073741824E10</Size>
                                                    <Type>
                                                    <![CDATA[
                                                    ext4
                                                    ]]>
                                                    </Type>
                                                    <UUID>
                                                    <![CDATA[
                                                    43fef90b-99cb-4a41-bcfb-bc1e22142552
                                                    ]]>
                                                    </UUID>
                                                </Row>
                                                <Row>
                                                    <Identification>
                                                    <![CDATA[
                                                    /dev/sda4
                                                    ]]>
                                                    </Identification>
                                                    <MountPoint>
                                                    <![CDATA[
                                                    /srv
                                                    ]]>
                                                    </MountPoint>
                                                    <Name>
                                                    <![CDATA[
                                                    /sys/devices/pci0000:00/0000:00:10.0/host32/target32:0:0/32:0:0:0/block/sda/sda4
                                                    ]]>
                                                    </Name>
                                                    <Size>5.36870912E9</Size>
                                                    <Type>
                                                    <![CDATA[
                                                    ext4
                                                    ]]>
                                                    </Type>
                                                    <UUID>
                                                    <![CDATA[
                                                    0304b3d2-aa76-460b-a96e-209264bddaf8
                                                    ]]>
                                                    </UUID>
                                                </Row>
                                                <Row>
                                                    <Identification>
                                                    <![CDATA[
                                                    /dev/sda5
                                                    ]]>
                                                    </Identification>
                                                    <MountPoint>
                                                    <![CDATA[
                                                    /var
                                                    ]]>
                                                    </MountPoint>
                                                    <Name>
                                                    <![CDATA[
                                                    /sys/devices/pci0000:00/0000:00:10.0/host32/target32:0:0/32:0:0:0/block/sda/sda5
                                                    ]]>
                                                    </Name>
                                                    <Size>1.073741824E10</Size>
                                                    <Type>
                                                    <![CDATA[
                                                    ext4
                                                    ]]>
                                                    </Type>
                                                    <UUID>
                                                    <![CDATA[
                                                    1cd650a5-111c-474a-acc8-5040269f7201
                                                    ]]>
                                                    </UUID>
                                                </Row>
                                                <Row>
                                                    <Identification>
                                                    <![CDATA[
                                                    /dev/sda6
                                                    ]]>
                                                    </Identification>
                                                    <MountPoint>
                                                    <![CDATA[
                                                    /var/log
                                                    ]]>
                                                    </MountPoint>
                                                    <Name>
                                                    <![CDATA[
                                                    /sys/devices/pci0000:00/0000:00:10.0/host32/target32:0:0/32:0:0:0/block/sda/sda6
                                                    ]]>
                                                    </Name>
                                                    <Size>5.36870912E9</Size>
                                                    <Type>
                                                    <![CDATA[
                                                    ext4
                                                    ]]>
                                                    </Type>
                                                    <UUID>
                                                    <![CDATA[
                                                    b4ad30d5-adfc-4fa6-aec7-1aaa89ccfe45
                                                    ]]>
                                                    </UUID>
                                                </Row>
                                                <Row>
                                                    <Identification>
                                                    <![CDATA[
                                                    /dev/sda7
                                                    ]]>
                                                    </Identification>
                                                    <MountPoint>
                                                    <![CDATA[
                                                    /var/log/audit
                                                    ]]>
                                                    </MountPoint>
                                                    <Name>
                                                    <![CDATA[
                                                    /sys/devices/pci0000:00/0000:00:10.0/host32/target32:0:0/32:0:0:0/block/sda/sda7
                                                    ]]>
                                                    </Name>
                                                    <Size>5.36870912E9</Size>
                                                    <Type>
                                                    <![CDATA[
                                                    ext4
                                                    ]]>
                                                    </Type>
                                                    <UUID>
                                                    <![CDATA[
                                                    55c91f4c-ac89-40b1-ad22-c981b6691f87
                                                    ]]>
                                                    </UUID>
                                                </Row>
                                                <Row>
                                                    <Identification>
                                                    <![CDATA[
                                                    /dev/sda8
                                                    ]]>
                                                    </Identification>
                                                    <MountPoint>
                                                    <![CDATA[
                                                    /var/tmp
                                                    ]]>
                                                    </MountPoint>
                                                    <Name>
                                                    <![CDATA[
                                                    /sys/devices/pci0000:00/0000:00:10.0/host32/target32:0:0/32:0:0:0/block/sda/sda8
                                                    ]]>
                                                    </Name>
                                                    <Size>5.36870912E9</Size>
                                                    <Type>
                                                    <![CDATA[
                                                    ext4
                                                    ]]>
                                                    </Type>
                                                    <UUID>
                                                    <![CDATA[
                                                    c22ac977-c425-4523-8608-dc0f5e042df7
                                                    ]]>
                                                    </UUID>
                                                </Row>
                                                <Row>
                                                    <Identification>
                                                    <![CDATA[
                                                    /dev/sda9
                                                    ]]>
                                                    </Identification>
                                                    <MountPoint>
                                                    <![CDATA[
                                                    /
                                                    ]]>
                                                    </MountPoint>
                                                    <Name>
                                                    <![CDATA[
                                                    /sys/devices/pci0000:00/0000:00:10.0/host32/target32:0:0/32:0:0:0/block/sda/sda9
                                                    ]]>
                                                    </Name>
                                                    <Size>5.8948845568E10</Size>
                                                    <Type>
                                                    <![CDATA[
                                                    ext4
                                                    ]]>
                                                    </Type>
                                                    <UUID>
                                                    <![CDATA[
                                                    ffebb549-cb20-4157-9961-4b4ef657561f
                                                    ]]>
                                                    </UUID>
                                                </Row>
                                            </Rows>
                                        </infoTable>
                                    </partitions>
                                </Row>
                                <Row>
                                    <CurrentQueueLength>0.0</CurrentQueueLength>
                                    <ID>1.0</ID>
                                    <Model>
                                    <![CDATA[
                                    Virtual_disk
                                    ]]>
                                    </Model>
                                    <Name>
                                    <![CDATA[
                                    /dev/sdb
                                    ]]>
                                    </Name>
                                    <ReadBytes>2.3977984E7</ReadBytes>
                                    <Reads>3832.0</Reads>
                                    <Size>4.294967296E11</Size>
                                    <Timestamp>2023-01-12T04:43:51.620Z</Timestamp>
                                    <TransferTime>44332.0</TransferTime>
                                    <WriteBytes>73728.0</WriteBytes>
                                    <Writes>14.0</Writes>
                                    <partitions>
                                        <infoTable>
                                            <DataShape>
                                                <FieldDefinitions>
                                                    <FieldDefinition
                                                     aspect.isPrimaryKey="false"
                                                     baseType="STRING"
                                                     description=""
                                                     name="Identification"
                                                     ordinal="2"></FieldDefinition>
                                                    <FieldDefinition
                                                     aspect.isPrimaryKey="false"
                                                     baseType="STRING"
                                                     description=""
                                                     name="MountPoint"
                                                     ordinal="1"></FieldDefinition>
                                                    <FieldDefinition
                                                     aspect.isPrimaryKey="false"
                                                     baseType="STRING"
                                                     description=""
                                                     name="Name"
                                                     ordinal="6"></FieldDefinition>
                                                    <FieldDefinition
                                                     aspect.isPrimaryKey="false"
                                                     baseType="NUMBER"
                                                     description=""
                                                     name="Size"
                                                     ordinal="3"></FieldDefinition>
                                                    <FieldDefinition
                                                     aspect.isPrimaryKey="false"
                                                     baseType="STRING"
                                                     description=""
                                                     name="Type"
                                                     ordinal="4"></FieldDefinition>
                                                    <FieldDefinition
                                                     aspect.isPrimaryKey="false"
                                                     baseType="NUMBER"
                                                     description=""
                                                     name="UsedSpace"
                                                     ordinal="7"></FieldDefinition>
                                                    <FieldDefinition
                                                     aspect.isPrimaryKey="false"
                                                     baseType="STRING"
                                                     description=""
                                                     name="UUID"
                                                     ordinal="5"></FieldDefinition>
                                                </FieldDefinitions>
                                            </DataShape>
                                            <Rows>
                                                <Row>
                                                    <Identification>
                                                    <![CDATA[
                                                    /dev/sdb1
                                                    ]]>
                                                    </Identification>
                                                    <MountPoint>
                                                    <![CDATA[
                                                    /data
                                                    ]]>
                                                    </MountPoint>
                                                    <Name>
                                                    <![CDATA[
                                                    /sys/devices/pci0000:00/0000:00:10.0/host32/target32:0:1/32:0:1:0/block/sdb/sdb1
                                                    ]]>
                                                    </Name>
                                                    <Size>4.29495664128E11</Size>
                                                    <Type>
                                                    <![CDATA[
                                                    ext3
                                                    ]]>
                                                    </Type>
                                                    <UUID>
                                                    <![CDATA[
                                                    ebc9bd49-225d-4d60-9b20-f1feae8d9574
                                                    ]]>
                                                    </UUID>
                                                </Row>
                                            </Rows>
                                        </infoTable>
                                    </partitions>
                                </Row>
                                <Row>
                                    <CurrentQueueLength>0.0</CurrentQueueLength>
                                    <ID>2.0</ID>
                                    <Model>
                                    <![CDATA[
                                    VMware_Virtual_SATA_CDRW_Drive
                                    ]]>
                                    </Model>
                                    <Name>
                                    <![CDATA[
                                    /dev/sr0
                                    ]]>
                                    </Name>
                                    <ReadBytes>0.0</ReadBytes>
                                    <Reads>0.0</Reads>
                                    <Size>1.073741312E9</Size>
                                    <Timestamp>2023-01-12T04:43:51.621Z</Timestamp>
                                    <TransferTime>0.0</TransferTime>
                                    <WriteBytes>0.0</WriteBytes>
                                    <Writes>0.0</Writes>
                                    <partitions>
                                        <infoTable>
                                            <DataShape>
                                                <FieldDefinitions>
                                                    <FieldDefinition
                                                     aspect.isPrimaryKey="false"
                                                     baseType="STRING"
                                                     description=""
                                                     name="Identification"
                                                     ordinal="2"></FieldDefinition>
                                                    <FieldDefinition
                                                     aspect.isPrimaryKey="false"
                                                     baseType="STRING"
                                                     description=""
                                                     name="MountPoint"
                                                     ordinal="1"></FieldDefinition>
                                                    <FieldDefinition
                                                     aspect.isPrimaryKey="false"
                                                     baseType="STRING"
                                                     description=""
                                                     name="Name"
                                                     ordinal="6"></FieldDefinition>
                                                    <FieldDefinition
                                                     aspect.isPrimaryKey="false"
                                                     baseType="NUMBER"
                                                     description=""
                                                     name="Size"
                                                     ordinal="3"></FieldDefinition>
                                                    <FieldDefinition
                                                     aspect.isPrimaryKey="false"
                                                     baseType="STRING"
                                                     description=""
                                                     name="Type"
                                                     ordinal="4"></FieldDefinition>
                                                    <FieldDefinition
                                                     aspect.isPrimaryKey="false"
                                                     baseType="NUMBER"
                                                     description=""
                                                     name="UsedSpace"
                                                     ordinal="7"></FieldDefinition>
                                                    <FieldDefinition
                                                     aspect.isPrimaryKey="false"
                                                     baseType="STRING"
                                                     description=""
                                                     name="UUID"
                                                     ordinal="5"></FieldDefinition>
                                                </FieldDefinitions>
                                            </DataShape>
                                            <Rows></Rows>
                                        </infoTable>
                                    </partitions>
                                </Row>
                            </Rows>
                        </infoTable>
                    </Value>
                    <Timestamp>2023-01-12T04:43:51.626Z</Timestamp>
                    <Quality>GOOD</Quality>
                </DiskInfo>
            </ThingProperties>
        </Thing>
    </Things>
</Entities>
