<?xml version="1.0" encoding="UTF-8"?>
<Entities
 majorVersion="9"
 minorVersion="3"
 universal="">
    <Mashups>
        <Mashup
         aspect.isFlex="true"
         aspect.isResponsive="true"
         aspect.mashupType="mashup"
         columns="0.0"
         description=""
         documentationContent=""
         homeMashup=""
         name="TWX.Metrices.ThreadsInfo_CM"
         projectName="TempTWXMetrices"
         rows="0.0"
         tags="">
            <avatar></avatar>
            <DesignTimePermissions>
                <Create></Create>
                <Read></Read>
                <Update></Update>
                <Delete></Delete>
                <Metadata></Metadata>
            </DesignTimePermissions>
            <RunTimePermissions></RunTimePermissions>
            <VisibilityPermissions>
                <Visibility></Visibility>
            </VisibilityPermissions>
            <ConfigurationTableDefinitions></ConfigurationTableDefinitions>
            <ConfigurationTables>
                <ConfigurationTable
                 dataShapeName=""
                 description="Mashup Mobile Settings"
                 isHidden="true"
                 isMultiRow="false"
                 name="MobileSettings"
                 ordinal="0">
                    <DataShape>
                        <FieldDefinitions>
                            <FieldDefinition
                             aspect.defaultValue="false"
                             aspect.friendlyName="Disable Zoom"
                             baseType="BOOLEAN"
                             description="Disables zooming in and out within the mashup"
                             name="disableZoom"
                             ordinal="0"></FieldDefinition>
                            <FieldDefinition
                             aspect.defaultValue="true"
                             aspect.friendlyName="Full Screen Mode"
                             baseType="BOOLEAN"
                             description="Open the mashup in full screen mode"
                             name="fullScreenMode"
                             ordinal="0"></FieldDefinition>
                            <FieldDefinition
                             aspect.friendlyName="Height"
                             baseType="STRING"
                             description="The height of the mashup page"
                             name="height"
                             ordinal="0"></FieldDefinition>
                            <FieldDefinition
                             aspect.defaultValue="device-height"
                             aspect.friendlyName="Height Type"
                             baseType="STRING"
                             description="Use the height of the device display, or a custom height (in px)"
                             name="heightType"
                             ordinal="0"></FieldDefinition>
                            <FieldDefinition
                             aspect.defaultValue="1.0"
                             aspect.friendlyName="Initial Scale"
                             baseType="NUMBER"
                             description="The initial zoom scale when the mashup is loaded for the first time"
                             name="initialScale"
                             ordinal="0"></FieldDefinition>
                            <FieldDefinition
                             aspect.friendlyName="Shortcut Icon Title"
                             baseType="STRING"
                             description="A title for the mashup shortcut on the iOS home screen"
                             name="iosShortcutIconTitle"
                             ordinal="0"></FieldDefinition>
                            <FieldDefinition
                             aspect.defaultValue="black-translucent"
                             aspect.friendlyName="Status Bar Appearance"
                             baseType="STRING"
                             description="The style of the iOS status bar"
                             name="iosStatusBarAppearance"
                             ordinal="0"></FieldDefinition>
                            <FieldDefinition
                             aspect.defaultValue="10.0"
                             aspect.friendlyName="Maximum Scale"
                             baseType="NUMBER"
                             description="The maximum scale that users can zoom out to"
                             name="maximumScale"
                             ordinal="0"></FieldDefinition>
                            <FieldDefinition
                             aspect.defaultValue="0.1"
                             aspect.friendlyName="Minimum Scale"
                             baseType="NUMBER"
                             description="The minimum scale that users can zoom out to"
                             name="minimumScale"
                             ordinal="0"></FieldDefinition>
                            <FieldDefinition
                             aspect.friendlyName="Width"
                             baseType="STRING"
                             description="The width of the mashup page"
                             name="width"
                             ordinal="0"></FieldDefinition>
                            <FieldDefinition
                             aspect.defaultValue="device-width"
                             aspect.friendlyName="Width Type"
                             baseType="STRING"
                             description="Use the width of the device display, or a custom width (in px)"
                             name="widthType"
                             ordinal="0"></FieldDefinition>
                        </FieldDefinitions>
                    </DataShape>
                    <Rows>
                        <Row>
                            <disableZoom>false</disableZoom>
                            <fullScreenMode>true</fullScreenMode>
                            <height>
                            <![CDATA[
                            device-height
                            ]]>
                            </height>
                            <heightType>
                            <![CDATA[
                            device-height
                            ]]>
                            </heightType>
                            <initialScale>1.0</initialScale>
                            <iosShortcutIconTitle></iosShortcutIconTitle>
                            <iosStatusBarAppearance>
                            <![CDATA[
                            black-translucent
                            ]]>
                            </iosStatusBarAppearance>
                            <maximumScale>10.0</maximumScale>
                            <minimumScale>0.1</minimumScale>
                            <width>
                            <![CDATA[
                            device-width
                            ]]>
                            </width>
                            <widthType>
                            <![CDATA[
                            device-width
                            ]]>
                            </widthType>
                        </Row>
                    </Rows>
                </ConfigurationTable>
            </ConfigurationTables>
            <ParameterDefinitions></ParameterDefinitions>
            <Things></Things>
            <ThingShapes></ThingShapes>
            <ThingTemplates></ThingTemplates>
            <mashupContent>
            <![CDATA[
            {
              "CustomMashupCss" : "",
              "Data" : {
                "Session" : {
                  "DataName" : "Session",
                  "EntityName" : "",
                  "EntityType" : "Session",
                  "Id" : "session",
                  "Services" : [ {
                    "APIMethod" : "post",
                    "Characteristic" : "Services",
                    "Id" : "SessionInterface",
                    "Name" : "GetGlobalSessionValues",
                    "Parameters" : { },
                    "RefreshInterval" : 0,
                    "Target" : "GetGlobalSessionValues"
                  } ]
                },
                "Things_TWX.Metrices.ThreadsInfoHelper_Thing" : {
                  "DataName" : "Things_TWX.Metrices.ThreadsInfoHelper_Thing",
                  "EntityName" : "TWX.Metrices.ThreadsInfoHelper_Thing",
                  "EntityType" : "Things",
                  "Id" : "d369a2c3-8dab-4d5b-a47d-818e171961f1",
                  "RefreshInterval" : 0,
                  "Services" : [ {
                    "APIMethod" : "post",
                    "Characteristic" : "Services",
                    "Id" : "38253229-faba-433d-8a58-25a0bcedd589",
                    "Name" : "GetThreads",
                    "Parameters" : { },
                    "RefreshInterval" : 0,
                    "Target" : "GetThreads"
                  } ]
                },
                "UserExtensions" : {
                  "DataName" : "UserExtensions",
                  "EntityName" : "",
                  "EntityType" : "UserExtensions",
                  "Id" : "UserExtensions",
                  "Services" : [ {
                    "APIMethod" : "post",
                    "Characteristic" : "Services",
                    "Id" : "UserExtensionInterface",
                    "Name" : "GetCurrentUserExtensionProperties",
                    "Parameters" : { },
                    "RefreshInterval" : 0,
                    "Target" : "GetCurrentUserExtensionProperties"
                  } ]
                }
              },
              "DataBindings" : [ {
                "Id" : "0b26aff0-cb67-4012-8152-7197a640b9f7",
                "PropertyMaps" : [ {
                  "SourceProperty" : "",
                  "SourcePropertyBaseType" : "INFOTABLE",
                  "SourcePropertyType" : "InfoTable",
                  "TargetProperty" : "Data",
                  "TargetPropertyBaseType" : "INFOTABLE",
                  "TargetPropertyType" : "property"
                } ],
                "SourceArea" : "Data",
                "SourceDetails" : "AllData",
                "SourceId" : "GetThreads",
                "SourceName" : "GetThreads",
                "SourceSection" : "Things_TWX.Metrices.ThreadsInfoHelper_Thing",
                "TargetArea" : "UI",
                "TargetId" : "ptcsgrid-6",
                "TargetSection" : ""
              }, {
                "Id" : "f10c2074-ab17-47e7-a4e4-02e8f7c60daa",
                "PropertyMaps" : [ {
                  "SourceProperty" : "QueryFilter",
                  "SourcePropertyBaseType" : "QUERY",
                  "SourcePropertyType" : "property",
                  "TargetProperty" : "Query",
                  "TargetPropertyBaseType" : "QUERY",
                  "TargetPropertyType" : "Parameter"
                } ],
                "SourceArea" : "UI",
                "SourceId" : "ptcsgrid-6",
                "SourceSection" : "",
                "TargetArea" : "Data",
                "TargetId" : "GetThreads",
                "TargetSection" : "Things_TWX.Metrices.ThreadsInfoHelper_Thing"
              } ],
              "DesignTimePermissions" : { },
              "Events" : [ {
                "EventHandlerArea" : "Data",
                "EventHandlerId" : "Things_TWX.Metrices.ThreadsInfoHelper_Thing",
                "EventHandlerService" : "GetThreads",
                "EventTriggerArea" : "Mashup",
                "EventTriggerEvent" : "Loaded",
                "EventTriggerId" : "mashup-root",
                "EventTriggerSection" : "",
                "Id" : "1576bd78-a5ce-4e4c-911a-0fa38cfead18"
              }, {
                "EventHandlerArea" : "Data",
                "EventHandlerId" : "Things_TWX.Metrices.ThreadsInfoHelper_Thing",
                "EventHandlerService" : "GetThreads",
                "EventTriggerArea" : "UI",
                "EventTriggerEvent" : "Filter",
                "EventTriggerId" : "ptcsgrid-6",
                "EventTriggerSection" : "",
                "Id" : "20e84289-a98b-4428-85e9-8d57ff5cb6ab"
              } ],
              "Reminders" : [ ],
              "RunTimePermissions" : { },
              "UI" : {
                "Properties" : {
                  "AddToDashboardButton" : "SimplePlus",
                  "AddToDashboardButtonStyle" : "DefaultAddToDashboardButtonStyle",
                  "Area" : "Mashup",
                  "BGImage" : "",
                  "BGImageRepeat" : "no-repeat",
                  "BGImageSize" : "auto",
                  "Columns" : 0,
                  "ConfigureGadgetButton" : "SimpleGear",
                  "ConfigureGadgetButtonStyle" : "DefaultConfigureGadgetButtonStyle",
                  "DisplayName" : "Mashup",
                  "EnableParameterEditing" : false,
                  "Height" : 618,
                  "Id" : "mashup-root",
                  "IgnoreWarningsInViewMashup" : false,
                  "IsPrintLayout" : false,
                  "Left" : 0,
                  "MashupToEditGadget" : "DefaultMashupToEditGadget",
                  "MinHeight" : 0,
                  "MinWidth" : 0,
                  "ResponsiveLayout" : true,
                  "Rows" : 0,
                  "ShowDataLoading" : true,
                  "Style" : "DefaultMashupStyle",
                  "StyleProperties" : {
                    "data" : {
                      "ptcsgrid-6" : {
                        "parts" : {
                          "$" : {
                            "$" : {
                              "border-style" : "none"
                            }
                          },
                          "header" : {
                            "$" : {
                              "min-height" : "20px"
                            }
                          }
                        },
                        "widget" : "ptcs-grid"
                      }
                    },
                    "meta" : {
                      "type" : "WidgetStyler",
                      "version" : "1.0"
                    }
                  },
                  "StyleTheme" : "PTC Convergence Theme",
                  "Title" : "",
                  "TitleBar" : false,
                  "TitleBarStyle" : "DefaultTitleBarStyle",
                  "TitleBarText" : "Gadget Title Here",
                  "Top" : 0,
                  "Type" : "mashup",
                  "UseMasterTheme" : false,
                  "UseTheme" : false,
                  "UseThemeForHybrids" : false,
                  "Visible" : true,
                  "Width" : 1024,
                  "Z-index" : 10,
                  "__TypeDisplayName" : "Mashup",
                  "id_index" : 6,
                  "secureExpressionsOnly" : true,
                  "supportsAutoResize" : true
                },
                "Widgets" : [ {
                  "Properties" : {
                    "Area" : "UI",
                    "DisplayName" : "container-2",
                    "EnableContainerUnload" : false,
                    "EnableExpandCollapse" : false,
                    "ExpandCollapseTabLocation" : "inside",
                    "Expanded" : true,
                    "Id" : "flexcontainer-2",
                    "LastContainer" : true,
                    "LazyLoading" : false,
                    "Overlay" : false,
                    "ResponsiveLayout" : true,
                    "Scrolling" : "auto-scroll",
                    "ShowDataLoading" : true,
                    "ShowExpandCollapseTab" : false,
                    "SourceURL" : "",
                    "Style" : "DefaultContainerStyle",
                    "StyleProperties" : { },
                    "Type" : "flexcontainer",
                    "UseTheme" : true,
                    "Visible" : true,
                    "Z-index" : 10,
                    "__TypeDisplayName" : "Responsive Container",
                    "align-content" : "flex-start",
                    "align-items" : "flex-start",
                    "flex-basis" : "auto",
                    "flex-direction" : "row",
                    "flex-grow" : 1,
                    "flex-max-height" : "",
                    "flex-max-width" : "",
                    "flex-min-height" : "",
                    "flex-min-width" : "",
                    "flex-shrink" : 1,
                    "flex-size" : "default",
                    "flex-wrap" : "nowrap",
                    "iconClass" : "widgets-flexcontainer",
                    "isLocked" : true,
                    "justify-content" : "flex-start",
                    "positioning" : "responsive",
                    "userCannotRemove" : true
                  },
                  "Widgets" : [ {
                    "Properties" : {
                      "AddButtonText" : "[[add]]",
                      "AddRowButtonText" : "[[add]]",
                      "AddRowFormTitle" : "[[AddRecord]]",
                      "ApplyButtonText" : "[[apply]]",
                      "Area" : "UI",
                      "AutoScroll" : false,
                      "BindDataText" : "[[bindData]]",
                      "CacheRuntimeChanges" : false,
                      "CancelButtonText" : "[[cancel]]",
                      "CancelEditButtonText" : "[[cancel]]",
                      "ClearFilteredSelection" : false,
                      "ColumnFormat" : {
                        "formatInfo" : [ {
                          "AllowEdit" : false,
                          "Description" : "",
                          "FieldName" : "NAME",
                          "FormatOptions" : {
                            "FormatString" : "full",
                            "formatInfo" : {
                              "StateFormats" : [ ]
                            },
                            "formatText" : "[[HyperlinkName]]",
                            "renderer" : "STRING",
                            "roundingEnabled" : true,
                            "showDependentField" : false
                          },
                          "Title" : "NAME",
                          "Width" : "auto",
                          "cellEditor" : "",
                          "cellHorizontalAlignment" : "left",
                          "columnMinimumWidth" : 75,
                          "editable" : false,
                          "excludeFromRowEdit" : false,
                          "expressionValidator" : "validator2",
                          "headerHorizontalAlignment" : "left",
                          "hidden" : false,
                          "inLayout" : true,
                          "initialSort" : "none",
                          "required" : false,
                          "sortable" : false
                        }, {
                          "AllowEdit" : false,
                          "Description" : "",
                          "FieldName" : "STATE",
                          "FormatOptions" : {
                            "FormatString" : "full",
                            "formatInfo" : {
                              "StateFormats" : [ ]
                            },
                            "formatText" : "[[HyperlinkName]]",
                            "renderer" : "STRING",
                            "roundingEnabled" : true,
                            "showDependentField" : false
                          },
                          "Title" : "STATE",
                          "Width" : "auto",
                          "cellEditor" : "",
                          "cellHorizontalAlignment" : "left",
                          "columnMinimumWidth" : 75,
                          "editable" : false,
                          "excludeFromRowEdit" : false,
                          "expressionValidator" : "validator2",
                          "headerHorizontalAlignment" : "left",
                          "hidden" : false,
                          "inLayout" : true,
                          "initialSort" : "none",
                          "required" : false,
                          "sortable" : true
                        }, {
                          "AllowEdit" : false,
                          "Description" : "",
                          "FieldName" : "CPU_TIME",
                          "FormatOptions" : {
                            "FormatString" : "full",
                            "formatInfo" : {
                              "StateFormats" : [ ]
                            },
                            "formatText" : "[[HyperlinkName]]",
                            "renderer" : "STRING",
                            "roundingEnabled" : true,
                            "showDependentField" : false
                          },
                          "Title" : "CPU TIME",
                          "Width" : "auto",
                          "cellEditor" : "textfield",
                          "cellHorizontalAlignment" : "left",
                          "columnMinimumWidth" : 75,
                          "editable" : false,
                          "excludeFromRowEdit" : false,
                          "expressionValidator" : "validator2",
                          "headerHorizontalAlignment" : "left",
                          "hidden" : false,
                          "inLayout" : true,
                          "initialSort" : "none",
                          "required" : false,
                          "sortable" : true
                        }, {
                          "AllowEdit" : false,
                          "Description" : "",
                          "FieldName" : "ID",
                          "FormatOptions" : {
                            "FormatString" : "full",
                            "formatInfo" : {
                              "StateFormats" : [ ]
                            },
                            "formatText" : "[[HyperlinkName]]",
                            "renderer" : "STRING",
                            "roundingEnabled" : true,
                            "showDependentField" : false
                          },
                          "Title" : "ID",
                          "Width" : "auto",
                          "cellEditor" : "",
                          "cellHorizontalAlignment" : "left",
                          "columnMinimumWidth" : 75,
                          "editable" : false,
                          "excludeFromRowEdit" : false,
                          "expressionValidator" : "validator2",
                          "headerHorizontalAlignment" : "left",
                          "hidden" : true,
                          "inLayout" : false,
                          "initialSort" : "none",
                          "required" : false,
                          "sortable" : false
                        } ]
                      },
                      "ColumnsMenuOptions" : "none",
                      "ColumnsMenuVisibleItems" : 6,
                      "DefaultSelectedRows" : "",
                      "DeleteRowButtonText" : "[[delete]]",
                      "DisableLegacyValidation" : true,
                      "DisplayButtonText" : "[[display]]",
                      "DisplayName" : "ptcs-grid-6",
                      "EditButton" : false,
                      "EditButtonText" : "[[edit]]",
                      "EditControlLabel" : "[[edit]]",
                      "EditControlType" : "link",
                      "EditControlVisibility" : "never",
                      "EditLevel" : "cell",
                      "FilterHintText" : "[[filter]]",
                      "FilterWidth" : 273,
                      "HeaderVerticalAlignment" : "top",
                      "Height" : 368,
                      "HideHeaderRow" : false,
                      "HighlightDraftState" : false,
                      "IDFieldName" : "id",
                      "Id" : "ptcsgrid-6",
                      "IsEditable" : false,
                      "Label" : "",
                      "LabelAlignment" : "left",
                      "LabelType" : "header",
                      "LastContainer" : false,
                      "Left" : 188.02734375,
                      "MinRowHeight" : 25,
                      "NoDataToDisplayText" : "[[noDataToDisplay]]",
                      "NoMatchesText" : "[[noMatches]]",
                      "NoResultsText" : "[[noResults]]",
                      "PreventRowWrapInNav" : false,
                      "ReorderColumns" : false,
                      "ResetButtonText" : "[[reset]]",
                      "ResizeColumns" : false,
                      "ResponsiveLayout" : true,
                      "RowAddButton" : false,
                      "RowDeleteButton" : false,
                      "RowEditFormTitle" : "[[EditRecord]]",
                      "RowFormat_StateParameters" : [ ],
                      "RowSelection" : "none",
                      "RowsVerticalAlignment" : "center",
                      "SaveEditButtonText" : "[[save]]",
                      "SelectedItemText" : "[[rowSelected]]",
                      "SelectedItemsText" : "[[rowsSelected]]",
                      "SelectedRowsChangedCallback" : true,
                      "ShowColumnFeature" : true,
                      "ShowDataLoading" : true,
                      "ShowFilter" : false,
                      "ShowFooter" : false,
                      "ShowHeaderRowInFooter" : false,
                      "ShowResetButton" : false,
                      "ShowRowNumbers" : false,
                      "ShowValidationCriteria" : false,
                      "ShowValidationFailure" : false,
                      "ShowValidationSuccess" : false,
                      "ShowValidatorFeature" : false,
                      "SingleLineHeader" : false,
                      "SingleLineRows" : false,
                      "SortSelectionColumn" : true,
                      "TabSequence" : 0,
                      "Top" : 115.01953125,
                      "TriggerEventOnConfigChange" : true,
                      "Type" : "ptcsgrid",
                      "UpdateButtonText" : "[[update]]",
                      "UseTheme" : true,
                      "Visible" : true,
                      "Width" : 464,
                      "Z-index" : 10,
                      "__TypeDisplayName" : "Grid"
                    },
                    "Widgets" : [ ]
                  } ]
                } ]
              },
              "mashupType" : "mashup"
            }
            ]]>
            </mashupContent>
            <preview></preview>
        </Mashup>
    </Mashups>
</Entities>
