<?xml version="1.0" encoding="UTF-8"?>
<Entities
 majorVersion="9"
 minorVersion="3"
 universal="">
    <Mashups>
        <Mashup
         aspect.isFlex="true"
         aspect.isResponsive="true"
         aspect.mashupType="mashup"
         columns="0.0"
         description=""
         documentationContent=""
         homeMashup=""
         name="TWX.Metrices.PartitionInfo_CL"
         projectName="TempTWXMetrices"
         rows="0.0"
         tags="">
            <avatar></avatar>
            <DesignTimePermissions>
                <Create></Create>
                <Read></Read>
                <Update></Update>
                <Delete></Delete>
                <Metadata></Metadata>
            </DesignTimePermissions>
            <RunTimePermissions></RunTimePermissions>
            <VisibilityPermissions>
                <Visibility></Visibility>
            </VisibilityPermissions>
            <ConfigurationTableDefinitions></ConfigurationTableDefinitions>
            <ConfigurationTables>
                <ConfigurationTable
                 dataShapeName=""
                 description="Mashup Mobile Settings"
                 isHidden="true"
                 isMultiRow="false"
                 name="MobileSettings"
                 ordinal="0">
                    <DataShape>
                        <FieldDefinitions>
                            <FieldDefinition
                             aspect.defaultValue="false"
                             aspect.friendlyName="Disable Zoom"
                             baseType="BOOLEAN"
                             description="Disables zooming in and out within the mashup"
                             name="disableZoom"
                             ordinal="0"></FieldDefinition>
                            <FieldDefinition
                             aspect.defaultValue="true"
                             aspect.friendlyName="Full Screen Mode"
                             baseType="BOOLEAN"
                             description="Open the mashup in full screen mode"
                             name="fullScreenMode"
                             ordinal="0"></FieldDefinition>
                            <FieldDefinition
                             aspect.friendlyName="Height"
                             baseType="STRING"
                             description="The height of the mashup page"
                             name="height"
                             ordinal="0"></FieldDefinition>
                            <FieldDefinition
                             aspect.defaultValue="device-height"
                             aspect.friendlyName="Height Type"
                             baseType="STRING"
                             description="Use the height of the device display, or a custom height (in px)"
                             name="heightType"
                             ordinal="0"></FieldDefinition>
                            <FieldDefinition
                             aspect.defaultValue="1.0"
                             aspect.friendlyName="Initial Scale"
                             baseType="NUMBER"
                             description="The initial zoom scale when the mashup is loaded for the first time"
                             name="initialScale"
                             ordinal="0"></FieldDefinition>
                            <FieldDefinition
                             aspect.friendlyName="Shortcut Icon Title"
                             baseType="STRING"
                             description="A title for the mashup shortcut on the iOS home screen"
                             name="iosShortcutIconTitle"
                             ordinal="0"></FieldDefinition>
                            <FieldDefinition
                             aspect.defaultValue="black-translucent"
                             aspect.friendlyName="Status Bar Appearance"
                             baseType="STRING"
                             description="The style of the iOS status bar"
                             name="iosStatusBarAppearance"
                             ordinal="0"></FieldDefinition>
                            <FieldDefinition
                             aspect.defaultValue="10.0"
                             aspect.friendlyName="Maximum Scale"
                             baseType="NUMBER"
                             description="The maximum scale that users can zoom out to"
                             name="maximumScale"
                             ordinal="0"></FieldDefinition>
                            <FieldDefinition
                             aspect.defaultValue="0.1"
                             aspect.friendlyName="Minimum Scale"
                             baseType="NUMBER"
                             description="The minimum scale that users can zoom out to"
                             name="minimumScale"
                             ordinal="0"></FieldDefinition>
                            <FieldDefinition
                             aspect.friendlyName="Width"
                             baseType="STRING"
                             description="The width of the mashup page"
                             name="width"
                             ordinal="0"></FieldDefinition>
                            <FieldDefinition
                             aspect.defaultValue="device-width"
                             aspect.friendlyName="Width Type"
                             baseType="STRING"
                             description="Use the width of the device display, or a custom width (in px)"
                             name="widthType"
                             ordinal="0"></FieldDefinition>
                        </FieldDefinitions>
                    </DataShape>
                    <Rows>
                        <Row>
                            <disableZoom>false</disableZoom>
                            <fullScreenMode>true</fullScreenMode>
                            <height>
                            <![CDATA[
                            device-height
                            ]]>
                            </height>
                            <heightType>
                            <![CDATA[
                            device-height
                            ]]>
                            </heightType>
                            <initialScale>1.0</initialScale>
                            <iosShortcutIconTitle></iosShortcutIconTitle>
                            <iosStatusBarAppearance>
                            <![CDATA[
                            black-translucent
                            ]]>
                            </iosStatusBarAppearance>
                            <maximumScale>10.0</maximumScale>
                            <minimumScale>0.1</minimumScale>
                            <width>
                            <![CDATA[
                            device-width
                            ]]>
                            </width>
                            <widthType>
                            <![CDATA[
                            device-width
                            ]]>
                            </widthType>
                        </Row>
                    </Rows>
                </ConfigurationTable>
            </ConfigurationTables>
            <ParameterDefinitions>
                <FieldDefinition
                 aspect.bindingDirection="BOTH"
                 aspect.isMandatory="false"
                 baseType="STRING"
                 description=""
                 name="Mount"
                 ordinal="0"></FieldDefinition>
                <FieldDefinition
                 aspect.bindingDirection="BOTH"
                 aspect.isMandatory="false"
                 baseType="STRING"
                 description=""
                 name="ParitionName"
                 ordinal="0"></FieldDefinition>
                <FieldDefinition
                 aspect.bindingDirection="BOTH"
                 aspect.isMandatory="false"
                 baseType="NUMBER"
                 description=""
                 name="PartitionSize"
                 ordinal="0"></FieldDefinition>
                <FieldDefinition
                 aspect.bindingDirection="BOTH"
                 aspect.isMandatory="false"
                 baseType="STRING"
                 description=""
                 name="Type_"
                 ordinal="0"></FieldDefinition>
                <FieldDefinition
                 aspect.bindingDirection="BOTH"
                 aspect.isMandatory="false"
                 baseType="NUMBER"
                 description=""
                 name="UsedSpace"
                 ordinal="0"></FieldDefinition>
            </ParameterDefinitions>
            <Things></Things>
            <ThingShapes></ThingShapes>
            <ThingTemplates></ThingTemplates>
            <mashupContent>
            <![CDATA[
            {
              "CustomMashupCss" : "",
              "Data" : {
                "Session" : {
                  "DataName" : "Session",
                  "EntityName" : "",
                  "EntityType" : "Session",
                  "Id" : "session",
                  "Services" : [ {
                    "APIMethod" : "post",
                    "Characteristic" : "Services",
                    "Id" : "SessionInterface",
                    "Name" : "GetGlobalSessionValues",
                    "Parameters" : { },
                    "RefreshInterval" : 0,
                    "Target" : "GetGlobalSessionValues"
                  } ]
                },
                "UserExtensions" : {
                  "DataName" : "UserExtensions",
                  "EntityName" : "",
                  "EntityType" : "UserExtensions",
                  "Id" : "UserExtensions",
                  "Services" : [ {
                    "APIMethod" : "post",
                    "Characteristic" : "Services",
                    "Id" : "UserExtensionInterface",
                    "Name" : "GetCurrentUserExtensionProperties",
                    "Parameters" : { },
                    "RefreshInterval" : 0,
                    "Target" : "GetCurrentUserExtensionProperties"
                  } ]
                }
              },
              "DataBindings" : [ {
                "Id" : "bf60e133-5e03-4a12-bef0-e2f6317dee10",
                "PropertyMaps" : [ {
                  "SourceProperty" : "PartitionSize",
                  "SourcePropertyBaseType" : "NUMBER",
                  "SourcePropertyType" : "property",
                  "TargetProperty" : "Total",
                  "TargetPropertyBaseType" : "NUMBER",
                  "TargetPropertyType" : "property"
                } ],
                "SourceArea" : "Mashup",
                "SourceId" : "mashup-root",
                "SourceSection" : "",
                "TargetArea" : "UI",
                "TargetId" : "expression2-10",
                "TargetSection" : ""
              }, {
                "Id" : "9787e07d-eebd-4bbe-88b4-64fce43afe69",
                "PropertyMaps" : [ {
                  "SourceProperty" : "Output",
                  "SourcePropertyBaseType" : "STRING",
                  "SourcePropertyType" : "Property",
                  "TargetProperty" : "LabelText",
                  "TargetPropertyBaseType" : "STRING",
                  "TargetPropertyType" : "property"
                } ],
                "SourceArea" : "UI",
                "SourceId" : "expression2-11",
                "SourceSection" : "",
                "TargetArea" : "UI",
                "TargetId" : "ptcslabel-8",
                "TargetSection" : ""
              }, {
                "Id" : "d61f824c-c120-42c9-a559-982d8df01a97",
                "PropertyMaps" : [ {
                  "SourceProperty" : "PartitionSize",
                  "SourcePropertyBaseType" : "NUMBER",
                  "SourcePropertyType" : "property",
                  "TargetProperty" : "Size",
                  "TargetPropertyBaseType" : "NUMBER",
                  "TargetPropertyType" : "property"
                } ],
                "SourceArea" : "Mashup",
                "SourceId" : "mashup-root",
                "SourceSection" : "",
                "TargetArea" : "UI",
                "TargetId" : "expression2-11",
                "TargetSection" : ""
              }, {
                "Id" : "63c57ca6-7770-4fee-a623-c9df31603578",
                "PropertyMaps" : [ {
                  "SourceProperty" : "Mount",
                  "SourcePropertyBaseType" : "STRING",
                  "SourcePropertyType" : "property",
                  "TargetProperty" : "LabelText",
                  "TargetPropertyBaseType" : "STRING",
                  "TargetPropertyType" : "property"
                } ],
                "SourceArea" : "Mashup",
                "SourceId" : "mashup-root",
                "SourceSection" : "",
                "TargetArea" : "UI",
                "TargetId" : "ptcslabel-3",
                "TargetSection" : ""
              }, {
                "Id" : "f15197e0-3e6a-4269-b452-d0f8cafc3705",
                "PropertyMaps" : [ {
                  "SourceProperty" : "Output",
                  "SourcePropertyBaseType" : "NUMBER",
                  "SourcePropertyType" : "Property",
                  "TargetProperty" : "Data",
                  "TargetPropertyBaseType" : "ANYSCALAR",
                  "TargetPropertyType" : "property"
                } ],
                "SourceArea" : "UI",
                "SourceId" : "expression2-10",
                "SourceSection" : "",
                "TargetArea" : "UI",
                "TargetId" : "shape-12",
                "TargetSection" : ""
              }, {
                "Id" : "25cb9baf-cde2-4ea9-805e-f146c3c8d4e1",
                "PropertyMaps" : [ {
                  "SourceProperty" : "Type_",
                  "SourcePropertyBaseType" : "STRING",
                  "SourcePropertyType" : "property",
                  "TargetProperty" : "LabelText",
                  "TargetPropertyBaseType" : "STRING",
                  "TargetPropertyType" : "property"
                } ],
                "SourceArea" : "Mashup",
                "SourceId" : "mashup-root",
                "SourceSection" : "",
                "TargetArea" : "UI",
                "TargetId" : "ptcslabel-29",
                "TargetSection" : ""
              }, {
                "Id" : "37ebe962-e046-4236-afed-10f80b7f8566",
                "PropertyMaps" : [ {
                  "SourceProperty" : "UsedSpace",
                  "SourcePropertyBaseType" : "NUMBER",
                  "SourcePropertyType" : "property",
                  "TargetProperty" : "Used",
                  "TargetPropertyBaseType" : "NUMBER",
                  "TargetPropertyType" : "property"
                } ],
                "SourceArea" : "Mashup",
                "SourceId" : "mashup-root",
                "SourceSection" : "",
                "TargetArea" : "UI",
                "TargetId" : "expression2-10",
                "TargetSection" : ""
              }, {
                "Id" : "80231e7f-aec0-4184-a57f-e9b334c1cffa",
                "PropertyMaps" : [ {
                  "SourceProperty" : "Output",
                  "SourcePropertyBaseType" : "BOOLEAN",
                  "SourcePropertyType" : "Property",
                  "TargetProperty" : "Visible",
                  "TargetPropertyBaseType" : "BOOLEAN",
                  "TargetPropertyType" : "property"
                } ],
                "SourceArea" : "UI",
                "SourceId" : "expression2-37",
                "SourceSection" : "",
                "TargetArea" : "UI",
                "TargetId" : "shape-12",
                "TargetSection" : ""
              }, {
                "Id" : "059cef01-1015-41b1-a046-72f4d80c8c15",
                "PropertyMaps" : [ {
                  "SourceProperty" : "Output",
                  "SourcePropertyBaseType" : "NUMBER",
                  "SourcePropertyType" : "Property",
                  "TargetProperty" : "Used",
                  "TargetPropertyBaseType" : "NUMBER",
                  "TargetPropertyType" : "property"
                } ],
                "SourceArea" : "UI",
                "SourceId" : "expression2-10",
                "SourceSection" : "",
                "TargetArea" : "UI",
                "TargetId" : "expression2-37",
                "TargetSection" : ""
              } ],
              "DesignTimePermissions" : { },
              "Events" : [ ],
              "Reminders" : [ ],
              "RunTimePermissions" : { },
              "UI" : {
                "Properties" : {
                  "AddToDashboardButton" : "SimplePlus",
                  "AddToDashboardButtonStyle" : "DefaultAddToDashboardButtonStyle",
                  "Area" : "Mashup",
                  "BGImage" : "",
                  "BGImageRepeat" : "no-repeat",
                  "BGImageSize" : "auto",
                  "Columns" : 0,
                  "ConfigureGadgetButton" : "SimpleGear",
                  "ConfigureGadgetButtonStyle" : "DefaultConfigureGadgetButtonStyle",
                  "DisplayName" : "Mashup",
                  "EnableParameterEditing" : false,
                  "Height" : 618,
                  "Id" : "mashup-root",
                  "IgnoreWarningsInViewMashup" : false,
                  "IsPrintLayout" : false,
                  "Left" : 0,
                  "MashupToEditGadget" : "DefaultMashupToEditGadget",
                  "MinHeight" : 0,
                  "MinWidth" : 0,
                  "ResponsiveLayout" : true,
                  "Rows" : 0,
                  "ShowDataLoading" : true,
                  "Style" : "DefaultMashupStyle",
                  "StyleProperties" : {
                    "data" : {
                      "flexcontainer-35" : {
                        "parts" : {
                          "$" : {
                            "$" : {
                              "border-color" : "rgba(240,240,240,1)",
                              "border-style" : "solid",
                              "border-width" : "1px"
                            }
                          }
                        },
                        "widget" : "flex-container"
                      },
                      "ptcslabel-29" : {
                        "parts" : {
                          "$" : {
                            "$" : {
                              "font-size" : "9px"
                            }
                          }
                        },
                        "widget" : "ptcs-label"
                      },
                      "ptcslabel-3" : {
                        "parts" : {
                          "label" : {
                            "$" : {
                              "font-size" : "12px"
                            }
                          }
                        },
                        "widget" : "ptcs-label"
                      },
                      "ptcslabel-8" : {
                        "parts" : {
                          "$" : {
                            "$" : {
                              "font-size" : "9px"
                            }
                          }
                        },
                        "widget" : "ptcs-label"
                      }
                    },
                    "meta" : {
                      "type" : "WidgetStyler",
                      "version" : "1.0"
                    }
                  },
                  "StyleTheme" : "PTC Convergence Theme",
                  "Title" : "",
                  "TitleBar" : false,
                  "TitleBarStyle" : "DefaultTitleBarStyle",
                  "TitleBarText" : "Gadget Title Here",
                  "Top" : 0,
                  "Type" : "mashup",
                  "UseMasterTheme" : false,
                  "UseTheme" : false,
                  "UseThemeForHybrids" : false,
                  "Visible" : true,
                  "Width" : 1024,
                  "Z-index" : 10,
                  "__TypeDisplayName" : "Mashup",
                  "_currentParameterDefs" : [ {
                    "Aspects" : {
                      "bindingDirection" : "BOTH",
                      "isMandatory" : false
                    },
                    "BaseType" : "NUMBER",
                    "Description" : "",
                    "ParameterName" : "UsedSpace"
                  }, {
                    "Aspects" : {
                      "bindingDirection" : "BOTH",
                      "isMandatory" : false
                    },
                    "BaseType" : "STRING",
                    "Description" : "",
                    "ParameterName" : "Type_"
                  }, {
                    "Aspects" : {
                      "bindingDirection" : "BOTH",
                      "isMandatory" : false
                    },
                    "BaseType" : "STRING",
                    "Description" : "",
                    "ParameterName" : "Mount"
                  }, {
                    "Aspects" : {
                      "bindingDirection" : "BOTH",
                      "isMandatory" : false
                    },
                    "BaseType" : "NUMBER",
                    "Description" : "",
                    "ParameterName" : "PartitionSize"
                  }, {
                    "Aspects" : {
                      "bindingDirection" : "BOTH",
                      "isMandatory" : false
                    },
                    "BaseType" : "STRING",
                    "Description" : "",
                    "ParameterName" : "ParitionName"
                  } ],
                  "id_index" : 37,
                  "secureExpressionsOnly" : true,
                  "supportsAutoResize" : true
                },
                "Widgets" : [ {
                  "Properties" : {
                    "Area" : "UI",
                    "DisplayName" : "container-2",
                    "EnableContainerUnload" : false,
                    "EnableExpandCollapse" : false,
                    "ExpandCollapseTabLocation" : "inside",
                    "Expanded" : true,
                    "Id" : "flexcontainer-2",
                    "LastContainer" : true,
                    "LazyLoading" : false,
                    "Overlay" : false,
                    "ResponsiveLayout" : true,
                    "Scrolling" : "auto-scroll",
                    "ShowDataLoading" : true,
                    "ShowExpandCollapseTab" : false,
                    "SourceURL" : "",
                    "Style" : "DefaultContainerStyle",
                    "StyleProperties" : { },
                    "Type" : "flexcontainer",
                    "UseTheme" : true,
                    "Visible" : true,
                    "Z-index" : 10,
                    "__TypeDisplayName" : "Responsive Container",
                    "align-content" : "flex-start",
                    "align-items" : "flex-start",
                    "flex-basis" : "auto",
                    "flex-direction" : "row",
                    "flex-grow" : 1,
                    "flex-max-height" : "",
                    "flex-max-width" : "",
                    "flex-min-height" : "",
                    "flex-min-width" : "",
                    "flex-shrink" : 1,
                    "flex-size" : "default",
                    "flex-wrap" : "nowrap",
                    "iconClass" : "widgets-flexcontainer",
                    "justify-content" : "flex-start",
                    "positioning" : "responsive",
                    "userCannotRemove" : true
                  },
                  "Widgets" : [ {
                    "Properties" : {
                      "Area" : "UI",
                      "DisplayName" : "container-16",
                      "EnableContainerUnload" : false,
                      "EnableExpandCollapse" : false,
                      "ExpandCollapseTabLocation" : "inside",
                      "Expanded" : true,
                      "Id" : "flexcontainer-16",
                      "LastContainer" : false,
                      "LazyLoading" : false,
                      "Overlay" : false,
                      "ResponsiveLayout" : true,
                      "ShowDataLoading" : true,
                      "ShowExpandCollapseTab" : false,
                      "SourceURL" : "",
                      "Style" : "DefaultContainerStyle",
                      "StyleProperties" : { },
                      "Type" : "flexcontainer",
                      "UseTheme" : true,
                      "Visible" : true,
                      "Z-index" : 10,
                      "__TypeDisplayName" : "Responsive Container",
                      "align-content" : "flex-start",
                      "align-items" : "flex-start",
                      "flex-basis" : "auto",
                      "flex-direction" : "row",
                      "flex-grow" : 1,
                      "flex-max-height" : "",
                      "flex-max-width" : "4px",
                      "flex-min-height" : "",
                      "flex-min-width" : "4px",
                      "flex-shrink" : 1,
                      "flex-size" : "fixed",
                      "flex-wrap" : "nowrap",
                      "iconClass" : "widgets-flexcontainer-fixed",
                      "isLocked" : false,
                      "justify-content" : "flex-start",
                      "positioning" : "responsive",
                      "userCannotRemove" : false
                    },
                    "Widgets" : [ ]
                  }, {
                    "Properties" : {
                      "Area" : "UI",
                      "DisplayName" : "container-14",
                      "EnableContainerUnload" : false,
                      "EnableExpandCollapse" : false,
                      "ExpandCollapseTabLocation" : "inside",
                      "Expanded" : true,
                      "Id" : "flexcontainer-14",
                      "LastContainer" : true,
                      "LazyLoading" : false,
                      "Overlay" : false,
                      "ResponsiveLayout" : false,
                      "Scrolling" : "auto-scroll",
                      "ShowDataLoading" : true,
                      "ShowExpandCollapseTab" : false,
                      "SourceURL" : "",
                      "Style" : "DefaultContainerStyle",
                      "StyleProperties" : { },
                      "Type" : "flexcontainer",
                      "UseTheme" : true,
                      "Visible" : true,
                      "Z-index" : 10,
                      "__TypeDisplayName" : "Responsive Container",
                      "align-content" : "flex-start",
                      "align-items" : "flex-start",
                      "flex-basis" : "auto",
                      "flex-direction" : "column",
                      "flex-grow" : 1,
                      "flex-max-height" : "",
                      "flex-max-width" : "",
                      "flex-min-height" : "",
                      "flex-min-width" : "",
                      "flex-shrink" : 1,
                      "flex-size" : "default",
                      "flex-wrap" : "nowrap",
                      "iconClass" : "widgets-flexcontainer",
                      "isLocked" : true,
                      "justify-content" : "flex-start",
                      "positioning" : "responsive",
                      "userCannotRemove" : false
                    },
                    "Widgets" : [ {
                      "Properties" : {
                        "Area" : "UI",
                        "DisplayName" : "container-35",
                        "EnableContainerUnload" : false,
                        "EnableExpandCollapse" : false,
                        "ExpandCollapseTabLocation" : "inside",
                        "Expanded" : true,
                        "Id" : "flexcontainer-35",
                        "LastContainer" : false,
                        "LazyLoading" : false,
                        "Overlay" : false,
                        "ResponsiveLayout" : false,
                        "Scrolling" : "auto-scroll",
                        "ShowDataLoading" : true,
                        "ShowExpandCollapseTab" : false,
                        "SourceURL" : "",
                        "Style" : "DefaultContainerStyle",
                        "StyleProperties" : { },
                        "Type" : "flexcontainer",
                        "UseTheme" : true,
                        "Visible" : true,
                        "Z-index" : 10,
                        "__TypeDisplayName" : "Responsive Container",
                        "align-content" : "flex-start",
                        "align-items" : "flex-start",
                        "flex-basis" : "auto",
                        "flex-direction" : "column",
                        "flex-grow" : 1,
                        "flex-max-height" : "",
                        "flex-max-width" : "",
                        "flex-min-height" : "",
                        "flex-min-width" : "",
                        "flex-shrink" : 1,
                        "flex-size" : "default",
                        "flex-wrap" : "nowrap",
                        "iconClass" : "widgets-flexcontainer",
                        "isLocked" : false,
                        "justify-content" : "flex-start",
                        "positioning" : "responsive",
                        "userCannotRemove" : false
                      },
                      "Widgets" : [ {
                        "Properties" : {
                          "Area" : "UI",
                          "DisplayName" : "container-34",
                          "EnableContainerUnload" : false,
                          "EnableExpandCollapse" : false,
                          "ExpandCollapseTabLocation" : "inside",
                          "Expanded" : true,
                          "Id" : "flexcontainer-34",
                          "LastContainer" : false,
                          "LazyLoading" : false,
                          "Overlay" : false,
                          "ResponsiveLayout" : true,
                          "ShowDataLoading" : true,
                          "ShowExpandCollapseTab" : false,
                          "SourceURL" : "",
                          "Style" : "DefaultContainerStyle",
                          "StyleProperties" : { },
                          "Type" : "flexcontainer",
                          "UseTheme" : true,
                          "Visible" : true,
                          "Z-index" : 10,
                          "__TypeDisplayName" : "Responsive Container",
                          "align-content" : "flex-start",
                          "align-items" : "flex-start",
                          "flex-basis" : "auto",
                          "flex-direction" : "row",
                          "flex-grow" : 1,
                          "flex-max-height" : "10px",
                          "flex-max-width" : "",
                          "flex-min-height" : "10px",
                          "flex-min-width" : "",
                          "flex-shrink" : 1,
                          "flex-size" : "fixed",
                          "flex-wrap" : "nowrap",
                          "iconClass" : "widgets-flexcontainer-fixed",
                          "isLocked" : false,
                          "justify-content" : "flex-start",
                          "positioning" : "responsive",
                          "userCannotRemove" : false
                        },
                        "Widgets" : [ {
                          "Properties" : {
                            "Area" : "UI",
                            "DisplayName" : "shape-12",
                            "DynamicFillOrientation" : "horizontal",
                            "DynamicRangeMaximum" : 100,
                            "DynamicRangeMinimum" : 0,
                            "EnableDynamicFill" : true,
                            "GradientOrientation" : "horizontal",
                            "GradientType" : "linear",
                            "Height" : 50,
                            "Id" : "shape-12",
                            "LastContainer" : false,
                            "Left" : 139.00390625,
                            "RectangleCornerRadius" : 10,
                            "ResponsiveLayout" : true,
                            "ShapeFormatter_StateParameters" : [ ],
                            "ShapeStyle" : {
                              "backgroundColor" : "rgba(91,183,59,0.6)",
                              "displayString" : "",
                              "fontEmphasisBold" : false,
                              "fontEmphasisItalic" : false,
                              "fontEmphasisUnderline" : false,
                              "foregroundColor" : "",
                              "image" : "",
                              "lineColor" : "",
                              "lineStyle" : "solid",
                              "lineThickness" : "2",
                              "secondaryBackgroundColor" : "",
                              "textSize" : "normal"
                            },
                            "ShapeType" : "rectangle",
                            "ShowDataLoading" : true,
                            "Top" : 30.01953125,
                            "Type" : "shape",
                            "UnfilledBackgroundStyle" : {
                              "backgroundColor" : "rgba(224,224,224,0.9)",
                              "displayString" : "",
                              "fontEmphasisBold" : false,
                              "fontEmphasisItalic" : false,
                              "fontEmphasisUnderline" : false,
                              "foregroundColor" : "",
                              "image" : "",
                              "lineColor" : "",
                              "lineStyle" : "solid",
                              "lineThickness" : 1,
                              "secondaryBackgroundColor" : "",
                              "textSize" : "normal"
                            },
                            "Visible" : true,
                            "Width" : 50,
                            "Z-index" : 10,
                            "__TypeDisplayName" : "Shape"
                          },
                          "Widgets" : [ ]
                        } ]
                      }, {
                        "Properties" : {
                          "Area" : "UI",
                          "DisplayName" : "container-5",
                          "EnableContainerUnload" : false,
                          "EnableExpandCollapse" : false,
                          "ExpandCollapseTabLocation" : "inside",
                          "Expanded" : true,
                          "HorizontalScrolling" : "no-scroll",
                          "Id" : "flexcontainer-5",
                          "LastContainer" : false,
                          "LazyLoading" : false,
                          "Overlay" : false,
                          "ResponsiveLayout" : false,
                          "Scrolling" : "no-scroll",
                          "ShowDataLoading" : true,
                          "ShowExpandCollapseTab" : false,
                          "SourceURL" : "",
                          "Style" : "DefaultContainerStyle",
                          "StyleProperties" : { },
                          "Type" : "flexcontainer",
                          "UseTheme" : true,
                          "Visible" : true,
                          "Z-index" : 10,
                          "__TypeDisplayName" : "Responsive Container",
                          "align-content" : "flex-start",
                          "align-items" : "center",
                          "flex-basis" : "auto",
                          "flex-direction" : "row",
                          "flex-grow" : 1,
                          "flex-max-height" : "22px",
                          "flex-max-width" : "",
                          "flex-min-height" : "22px",
                          "flex-min-width" : "",
                          "flex-shrink" : 0,
                          "flex-size" : "fixed",
                          "flex-wrap" : "nowrap",
                          "iconClass" : "widgets-flexcontainer-fixed",
                          "isLocked" : false,
                          "justify-content" : "flex-start",
                          "positioning" : "responsive",
                          "userCannotRemove" : false
                        },
                        "Widgets" : [ {
                          "Properties" : {
                            "Area" : "UI",
                            "DisclosureControl" : "show-more",
                            "DisplayName" : "ptcs-label-3",
                            "HorizontalAlignment" : "left",
                            "Id" : "ptcslabel-3",
                            "LabelText" : "-",
                            "LabelType" : "label",
                            "LastContainer" : false,
                            "Left" : 79.00390625,
                            "Margin" : "0 0 0 5",
                            "MultiLine" : false,
                            "PreserveWhiteSpace" : false,
                            "ResponsiveLayout" : false,
                            "ShowDataLoading" : true,
                            "Top" : 35.01953125,
                            "Type" : "ptcslabel",
                            "UseTheme" : true,
                            "VerticalAlignment" : "flex-start",
                            "Visible" : true,
                            "Z-index" : 10,
                            "__TypeDisplayName" : "Label",
                            "overflowShowLessTxt" : "[[showLess]]",
                            "overflowShowMoreTxt" : "[[showMore]]"
                          },
                          "Widgets" : [ ]
                        } ]
                      }, {
                        "Properties" : {
                          "Area" : "UI",
                          "DisplayName" : "container-4",
                          "EnableContainerUnload" : false,
                          "EnableExpandCollapse" : false,
                          "ExpandCollapseTabLocation" : "inside",
                          "Expanded" : true,
                          "Id" : "flexcontainer-4",
                          "LastContainer" : false,
                          "LazyLoading" : false,
                          "Overlay" : false,
                          "ResponsiveLayout" : false,
                          "ShowDataLoading" : true,
                          "ShowExpandCollapseTab" : false,
                          "SourceURL" : "",
                          "Style" : "DefaultContainerStyle",
                          "StyleProperties" : { },
                          "Type" : "flexcontainer",
                          "UseTheme" : true,
                          "Visible" : true,
                          "Z-index" : 10,
                          "__TypeDisplayName" : "Responsive Container",
                          "align-content" : "flex-start",
                          "align-items" : "center",
                          "flex-basis" : "auto",
                          "flex-direction" : "row",
                          "flex-grow" : 1,
                          "flex-max-height" : "10px",
                          "flex-max-width" : "",
                          "flex-min-height" : "10px",
                          "flex-min-width" : "",
                          "flex-shrink" : 1,
                          "flex-size" : "fixed",
                          "flex-wrap" : "nowrap",
                          "iconClass" : "widgets-flexcontainer-fixed",
                          "isLocked" : false,
                          "justify-content" : "flex-start",
                          "positioning" : "responsive",
                          "userCannotRemove" : false
                        },
                        "Widgets" : [ {
                          "Properties" : {
                            "Area" : "UI",
                            "DisclosureControl" : "show-more",
                            "DisplayName" : "ptcs-label-8",
                            "HorizontalAlignment" : "left",
                            "Id" : "ptcslabel-8",
                            "LabelText" : "-",
                            "LabelType" : "label",
                            "LastContainer" : false,
                            "Left" : 79.00390625,
                            "Margin" : "0 0 0 5",
                            "MultiLine" : true,
                            "PreserveWhiteSpace" : false,
                            "ResponsiveLayout" : false,
                            "ShowDataLoading" : true,
                            "Top" : 35.01953125,
                            "Type" : "ptcslabel",
                            "UseTheme" : true,
                            "VerticalAlignment" : "flex-start",
                            "Visible" : true,
                            "Z-index" : 10,
                            "__TypeDisplayName" : "Label",
                            "overflowShowLessTxt" : "[[showLess]]",
                            "overflowShowMoreTxt" : "[[showMore]]"
                          },
                          "Widgets" : [ ]
                        } ]
                      }, {
                        "Properties" : {
                          "Area" : "UI",
                          "DisplayName" : "container-7",
                          "EnableContainerUnload" : false,
                          "EnableExpandCollapse" : false,
                          "ExpandCollapseTabLocation" : "inside",
                          "Expanded" : true,
                          "Id" : "flexcontainer-7",
                          "LastContainer" : true,
                          "LazyLoading" : false,
                          "Overlay" : false,
                          "ResponsiveLayout" : true,
                          "Scrolling" : "auto-scroll",
                          "ShowDataLoading" : true,
                          "ShowExpandCollapseTab" : false,
                          "ShowVerticalScrollbar" : true,
                          "SourceURL" : "",
                          "Style" : "DefaultContainerStyle",
                          "StyleProperties" : { },
                          "Type" : "flexcontainer",
                          "UseTheme" : true,
                          "Visible" : true,
                          "Z-index" : 10,
                          "__TypeDisplayName" : "Responsive Container",
                          "align-content" : "flex-start",
                          "align-items" : "flex-start",
                          "flex-basis" : "auto",
                          "flex-direction" : "row",
                          "flex-grow" : 1,
                          "flex-max-height" : "",
                          "flex-max-width" : "",
                          "flex-min-height" : "",
                          "flex-min-width" : "",
                          "flex-shrink" : 1,
                          "flex-size" : "default",
                          "flex-wrap" : "nowrap",
                          "iconClass" : "widgets-flexcontainer",
                          "isLocked" : true,
                          "justify-content" : "flex-start",
                          "positioning" : "responsive",
                          "userCannotRemove" : false
                        },
                        "Widgets" : [ {
                          "Properties" : {
                            "Area" : "UI",
                            "DisplayName" : "container-19",
                            "EnableContainerUnload" : false,
                            "EnableExpandCollapse" : false,
                            "ExpandCollapseTabLocation" : "inside",
                            "Expanded" : true,
                            "HorizontalScrolling" : "no-scroll",
                            "Id" : "flexcontainer-19",
                            "LastContainer" : true,
                            "LazyLoading" : false,
                            "Overlay" : false,
                            "ResponsiveLayout" : false,
                            "Scrolling" : "no-scroll",
                            "ShowDataLoading" : true,
                            "ShowExpandCollapseTab" : false,
                            "ShowVerticalScrollbar" : true,
                            "SourceURL" : "",
                            "Style" : "DefaultContainerStyle",
                            "StyleProperties" : { },
                            "Type" : "flexcontainer",
                            "UseTheme" : true,
                            "Visible" : true,
                            "Z-index" : 10,
                            "__TypeDisplayName" : "Responsive Container",
                            "align-content" : "flex-start",
                            "align-items" : "flex-start",
                            "flex-basis" : "auto",
                            "flex-direction" : "column",
                            "flex-grow" : 1,
                            "flex-max-height" : "",
                            "flex-max-width" : "",
                            "flex-min-height" : "",
                            "flex-min-width" : "",
                            "flex-shrink" : 0,
                            "flex-size" : "default",
                            "flex-wrap" : "nowrap",
                            "iconClass" : "widgets-flexcontainer",
                            "isLocked" : true,
                            "justify-content" : "flex-start",
                            "positioning" : "responsive",
                            "prev-align" : "flex-start",
                            "userCannotRemove" : false
                          },
                          "Widgets" : [ {
                            "Properties" : {
                              "Area" : "UI",
                              "DisclosureControl" : "show-more",
                              "DisplayName" : "ptcs-label-29",
                              "HorizontalAlignment" : "left",
                              "Id" : "ptcslabel-29",
                              "LabelText" : "[[Label]]",
                              "LabelType" : "label",
                              "LastContainer" : false,
                              "Left" : 129.00390625,
                              "Margin" : "5",
                              "MultiLine" : true,
                              "PreserveWhiteSpace" : false,
                              "ResponsiveLayout" : false,
                              "ShowDataLoading" : true,
                              "Top" : 20.01953125,
                              "Type" : "ptcslabel",
                              "UseTheme" : true,
                              "VerticalAlignment" : "flex-start",
                              "Visible" : true,
                              "Z-index" : 10,
                              "__TypeDisplayName" : "Label",
                              "overflowShowLessTxt" : "[[showLess]]",
                              "overflowShowMoreTxt" : "[[showMore]]"
                            },
                            "Widgets" : [ ]
                          } ]
                        }, {
                          "Properties" : {
                            "Area" : "UI",
                            "DisplayName" : "container-21",
                            "EnableContainerUnload" : false,
                            "EnableExpandCollapse" : false,
                            "ExpandCollapseTabLocation" : "inside",
                            "Expanded" : true,
                            "Id" : "flexcontainer-21",
                            "LastContainer" : false,
                            "LazyLoading" : false,
                            "Overlay" : false,
                            "ResponsiveLayout" : true,
                            "ShowDataLoading" : true,
                            "ShowExpandCollapseTab" : false,
                            "SourceURL" : "",
                            "Style" : "DefaultContainerStyle",
                            "StyleProperties" : { },
                            "Type" : "flexcontainer",
                            "UseTheme" : true,
                            "Visible" : true,
                            "Z-index" : 10,
                            "__TypeDisplayName" : "Responsive Container",
                            "align-content" : "flex-start",
                            "align-items" : "flex-start",
                            "flex-basis" : "auto",
                            "flex-direction" : "row",
                            "flex-grow" : 1,
                            "flex-max-height" : "",
                            "flex-max-width" : "4px",
                            "flex-min-height" : "",
                            "flex-min-width" : "4px",
                            "flex-shrink" : 1,
                            "flex-size" : "fixed",
                            "flex-wrap" : "nowrap",
                            "iconClass" : "widgets-flexcontainer-fixed",
                            "isLocked" : false,
                            "justify-content" : "flex-start",
                            "positioning" : "responsive",
                            "userCannotRemove" : false
                          },
                          "Widgets" : [ ]
                        } ]
                      }, {
                        "Properties" : {
                          "Area" : "UI",
                          "DisplayName" : "container-17",
                          "EnableContainerUnload" : false,
                          "EnableExpandCollapse" : false,
                          "ExpandCollapseTabLocation" : "inside",
                          "Expanded" : true,
                          "Id" : "flexcontainer-17",
                          "LastContainer" : false,
                          "LazyLoading" : false,
                          "Overlay" : false,
                          "ResponsiveLayout" : true,
                          "ShowDataLoading" : true,
                          "ShowExpandCollapseTab" : false,
                          "SourceURL" : "",
                          "Style" : "DefaultContainerStyle",
                          "StyleProperties" : { },
                          "Type" : "flexcontainer",
                          "UseTheme" : true,
                          "Visible" : true,
                          "Z-index" : 10,
                          "__TypeDisplayName" : "Responsive Container",
                          "align-content" : "flex-start",
                          "align-items" : "flex-start",
                          "flex-basis" : "auto",
                          "flex-direction" : "row",
                          "flex-grow" : 1,
                          "flex-max-height" : "4px",
                          "flex-max-width" : "",
                          "flex-min-height" : "4px",
                          "flex-min-width" : "",
                          "flex-shrink" : 1,
                          "flex-size" : "fixed",
                          "flex-wrap" : "nowrap",
                          "iconClass" : "widgets-flexcontainer-fixed",
                          "isLocked" : false,
                          "justify-content" : "flex-start",
                          "positioning" : "responsive",
                          "userCannotRemove" : false
                        },
                        "Widgets" : [ ]
                      } ]
                    }, {
                      "Properties" : {
                        "Area" : "UI",
                        "DisplayName" : "container-36",
                        "EnableContainerUnload" : false,
                        "EnableExpandCollapse" : false,
                        "ExpandCollapseTabLocation" : "inside",
                        "Expanded" : true,
                        "Id" : "flexcontainer-36",
                        "LastContainer" : false,
                        "LazyLoading" : false,
                        "Overlay" : false,
                        "ResponsiveLayout" : true,
                        "ShowDataLoading" : true,
                        "ShowExpandCollapseTab" : false,
                        "SourceURL" : "",
                        "Style" : "DefaultContainerStyle",
                        "StyleProperties" : { },
                        "Type" : "flexcontainer",
                        "UseTheme" : true,
                        "Visible" : true,
                        "Z-index" : 10,
                        "__TypeDisplayName" : "Responsive Container",
                        "align-content" : "flex-start",
                        "align-items" : "flex-start",
                        "flex-basis" : "auto",
                        "flex-direction" : "row",
                        "flex-grow" : 1,
                        "flex-max-height" : "",
                        "flex-max-width" : "",
                        "flex-min-height" : "",
                        "flex-min-width" : "",
                        "flex-shrink" : 1,
                        "flex-size" : "default",
                        "flex-wrap" : "nowrap",
                        "iconClass" : "widgets-flexcontainer",
                        "isLocked" : false,
                        "justify-content" : "flex-start",
                        "positioning" : "responsive",
                        "userCannotRemove" : false
                      },
                      "Widgets" : [ ]
                    } ]
                  }, {
                    "Properties" : {
                      "Area" : "UI",
                      "DisplayName" : "container-15",
                      "EnableContainerUnload" : false,
                      "EnableExpandCollapse" : false,
                      "ExpandCollapseTabLocation" : "inside",
                      "Expanded" : true,
                      "Id" : "flexcontainer-15",
                      "LastContainer" : false,
                      "LazyLoading" : false,
                      "Overlay" : false,
                      "ResponsiveLayout" : true,
                      "ShowDataLoading" : true,
                      "ShowExpandCollapseTab" : false,
                      "SourceURL" : "",
                      "Style" : "DefaultContainerStyle",
                      "StyleProperties" : { },
                      "Type" : "flexcontainer",
                      "UseTheme" : true,
                      "Visible" : true,
                      "Z-index" : 10,
                      "__TypeDisplayName" : "Responsive Container",
                      "align-content" : "flex-start",
                      "align-items" : "flex-start",
                      "flex-basis" : "auto",
                      "flex-direction" : "row",
                      "flex-grow" : 1,
                      "flex-max-height" : "",
                      "flex-max-width" : "4px",
                      "flex-min-height" : "",
                      "flex-min-width" : "4px",
                      "flex-shrink" : 1,
                      "flex-size" : "fixed",
                      "flex-wrap" : "nowrap",
                      "iconClass" : "widgets-flexcontainer-fixed",
                      "isLocked" : false,
                      "justify-content" : "flex-start",
                      "positioning" : "responsive",
                      "userCannotRemove" : false
                    },
                    "Widgets" : [ ]
                  } ]
                }, {
                  "Properties" : {
                    "Area" : "UI",
                    "AutoEvaluate" : true,
                    "DataChangeType" : "ALWAYS",
                    "DisableInitialOutput" : false,
                    "DisplayName" : "SizePercentage",
                    "Expression" : "result =( Used / (Total / 1073741824)) * 100;",
                    "FireOnFirstValue" : false,
                    "Height" : 28,
                    "Id" : "expression2-10",
                    "LastContainer" : false,
                    "Left" : null,
                    "OutputBaseType" : "NUMBER",
                    "ResponsiveLayout" : false,
                    "ShowDataLoading" : true,
                    "Top" : null,
                    "Type" : "expression2",
                    "Visible" : true,
                    "Width" : 200,
                    "Z-index" : 10,
                    "__TypeDisplayName" : "Expression",
                    "_currentParameterDefs" : [ {
                      "BaseType" : "NUMBER",
                      "Description" : "",
                      "ParameterName" : "Total",
                      "bindingDirection" : "Target",
                      "bindingType" : "Property",
                      "isBindingSource" : false,
                      "isBindingTarget" : true,
                      "shown" : true
                    }, {
                      "BaseType" : "NUMBER",
                      "Description" : "",
                      "ParameterName" : "Used",
                      "bindingDirection" : "Target",
                      "bindingType" : "Property",
                      "isBindingSource" : false,
                      "isBindingTarget" : true,
                      "shown" : true
                    } ]
                  },
                  "Widgets" : [ ]
                }, {
                  "Properties" : {
                    "Area" : "UI",
                    "AutoEvaluate" : true,
                    "DataChangeType" : "ALWAYS",
                    "DisableInitialOutput" : false,
                    "DisplayName" : "SizeInGB",
                    "Expression" : "result = Math.ceil(Size / 1073741824) + \" GB\";",
                    "FireOnFirstValue" : false,
                    "Height" : 28,
                    "Id" : "expression2-11",
                    "LastContainer" : false,
                    "Left" : null,
                    "OutputBaseType" : "STRING",
                    "ResponsiveLayout" : false,
                    "ShowDataLoading" : true,
                    "Top" : null,
                    "Type" : "expression2",
                    "Visible" : true,
                    "Width" : 200,
                    "Z-index" : 10,
                    "__TypeDisplayName" : "Expression",
                    "_currentParameterDefs" : [ {
                      "BaseType" : "NUMBER",
                      "Description" : "",
                      "ParameterName" : "Size",
                      "bindingDirection" : "Target",
                      "bindingType" : "Property",
                      "isBindingSource" : false,
                      "isBindingTarget" : true,
                      "shown" : true
                    } ]
                  },
                  "Widgets" : [ ]
                }, {
                  "Properties" : {
                    "Area" : "UI",
                    "AutoEvaluate" : true,
                    "DataChangeType" : "ALWAYS",
                    "DisableInitialOutput" : false,
                    "DisplayName" : "ShapeVisibility",
                    "Expression" : "result = Used !==0;",
                    "FireOnFirstValue" : false,
                    "Height" : 28,
                    "Id" : "expression2-37",
                    "LastContainer" : false,
                    "Left" : null,
                    "OutputBaseType" : "BOOLEAN",
                    "ResponsiveLayout" : false,
                    "ShowDataLoading" : true,
                    "Top" : null,
                    "Type" : "expression2",
                    "Visible" : true,
                    "Width" : 200,
                    "Z-index" : 10,
                    "__TypeDisplayName" : "Expression",
                    "_currentParameterDefs" : [ {
                      "BaseType" : "NUMBER",
                      "Description" : "",
                      "ParameterName" : "Used",
                      "bindingDirection" : "Target",
                      "bindingType" : "Property",
                      "isBindingSource" : false,
                      "isBindingTarget" : true,
                      "shown" : true
                    } ]
                  },
                  "Widgets" : [ ]
                } ]
              },
              "mashupType" : "mashup"
            }
            ]]>
            </mashupContent>
            <preview></preview>
        </Mashup>
    </Mashups>
</Entities>
