<?xml version="1.0" encoding="UTF-8"?>
<Entities
 majorVersion="9"
 minorVersion="3"
 universal="">
    <Mashups>
        <Mashup
         aspect.isFlex="true"
         aspect.isResponsive="true"
         aspect.mashupType="mashup"
         columns="0.0"
         description=""
         documentationContent=""
         homeMashup=""
         name="TWX.Metrices.TWXLogs_PP"
         projectName="TempTWXMetrices"
         rows="0.0"
         tags="">
            <avatar></avatar>
            <DesignTimePermissions>
                <Create></Create>
                <Read></Read>
                <Update></Update>
                <Delete></Delete>
                <Metadata></Metadata>
            </DesignTimePermissions>
            <RunTimePermissions></RunTimePermissions>
            <VisibilityPermissions>
                <Visibility></Visibility>
            </VisibilityPermissions>
            <ConfigurationTableDefinitions></ConfigurationTableDefinitions>
            <ConfigurationTables>
                <ConfigurationTable
                 dataShapeName=""
                 description="Mashup Mobile Settings"
                 isHidden="true"
                 isMultiRow="false"
                 name="MobileSettings"
                 ordinal="0">
                    <DataShape>
                        <FieldDefinitions>
                            <FieldDefinition
                             aspect.defaultValue="false"
                             aspect.friendlyName="Disable Zoom"
                             baseType="BOOLEAN"
                             description="Disables zooming in and out within the mashup"
                             name="disableZoom"
                             ordinal="0"></FieldDefinition>
                            <FieldDefinition
                             aspect.defaultValue="true"
                             aspect.friendlyName="Full Screen Mode"
                             baseType="BOOLEAN"
                             description="Open the mashup in full screen mode"
                             name="fullScreenMode"
                             ordinal="0"></FieldDefinition>
                            <FieldDefinition
                             aspect.friendlyName="Height"
                             baseType="STRING"
                             description="The height of the mashup page"
                             name="height"
                             ordinal="0"></FieldDefinition>
                            <FieldDefinition
                             aspect.defaultValue="device-height"
                             aspect.friendlyName="Height Type"
                             baseType="STRING"
                             description="Use the height of the device display, or a custom height (in px)"
                             name="heightType"
                             ordinal="0"></FieldDefinition>
                            <FieldDefinition
                             aspect.defaultValue="1.0"
                             aspect.friendlyName="Initial Scale"
                             baseType="NUMBER"
                             description="The initial zoom scale when the mashup is loaded for the first time"
                             name="initialScale"
                             ordinal="0"></FieldDefinition>
                            <FieldDefinition
                             aspect.friendlyName="Shortcut Icon Title"
                             baseType="STRING"
                             description="A title for the mashup shortcut on the iOS home screen"
                             name="iosShortcutIconTitle"
                             ordinal="0"></FieldDefinition>
                            <FieldDefinition
                             aspect.defaultValue="black-translucent"
                             aspect.friendlyName="Status Bar Appearance"
                             baseType="STRING"
                             description="The style of the iOS status bar"
                             name="iosStatusBarAppearance"
                             ordinal="0"></FieldDefinition>
                            <FieldDefinition
                             aspect.defaultValue="10.0"
                             aspect.friendlyName="Maximum Scale"
                             baseType="NUMBER"
                             description="The maximum scale that users can zoom out to"
                             name="maximumScale"
                             ordinal="0"></FieldDefinition>
                            <FieldDefinition
                             aspect.defaultValue="0.1"
                             aspect.friendlyName="Minimum Scale"
                             baseType="NUMBER"
                             description="The minimum scale that users can zoom out to"
                             name="minimumScale"
                             ordinal="0"></FieldDefinition>
                            <FieldDefinition
                             aspect.friendlyName="Width"
                             baseType="STRING"
                             description="The width of the mashup page"
                             name="width"
                             ordinal="0"></FieldDefinition>
                            <FieldDefinition
                             aspect.defaultValue="device-width"
                             aspect.friendlyName="Width Type"
                             baseType="STRING"
                             description="Use the width of the device display, or a custom width (in px)"
                             name="widthType"
                             ordinal="0"></FieldDefinition>
                        </FieldDefinitions>
                    </DataShape>
                    <Rows>
                        <Row>
                            <disableZoom>false</disableZoom>
                            <fullScreenMode>true</fullScreenMode>
                            <height>
                            <![CDATA[
                            device-height
                            ]]>
                            </height>
                            <heightType>
                            <![CDATA[
                            device-height
                            ]]>
                            </heightType>
                            <initialScale>1.0</initialScale>
                            <iosShortcutIconTitle></iosShortcutIconTitle>
                            <iosStatusBarAppearance>
                            <![CDATA[
                            black-translucent
                            ]]>
                            </iosStatusBarAppearance>
                            <maximumScale>10.0</maximumScale>
                            <minimumScale>0.1</minimumScale>
                            <width>
                            <![CDATA[
                            device-width
                            ]]>
                            </width>
                            <widthType>
                            <![CDATA[
                            device-width
                            ]]>
                            </widthType>
                        </Row>
                    </Rows>
                </ConfigurationTable>
            </ConfigurationTables>
            <ParameterDefinitions></ParameterDefinitions>
            <Things></Things>
            <ThingShapes></ThingShapes>
            <ThingTemplates></ThingTemplates>
            <mashupContent>
            <![CDATA[
            {
              "CustomMashupCss" : "",
              "Data" : {
                "Session" : {
                  "DataName" : "Session",
                  "EntityName" : "",
                  "EntityType" : "Session",
                  "Id" : "session",
                  "Services" : [ {
                    "APIMethod" : "post",
                    "Characteristic" : "Services",
                    "Id" : "SessionInterface",
                    "Name" : "GetGlobalSessionValues",
                    "Parameters" : { },
                    "RefreshInterval" : 0,
                    "Target" : "GetGlobalSessionValues"
                  } ]
                },
                "Things_TWX.Metrices.TWXLogsHelper_Thing" : {
                  "DataName" : "Things_TWX.Metrices.TWXLogsHelper_Thing",
                  "EntityName" : "TWX.Metrices.TWXLogsHelper_Thing",
                  "EntityType" : "Things",
                  "Id" : "dfd29540-2040-4d89-a2f6-3085cc409141",
                  "RefreshInterval" : 0,
                  "Services" : [ {
                    "APIMethod" : "post",
                    "Characteristic" : "Services",
                    "Id" : "e6cf65e0-76d3-44d5-a744-68cf9634c672",
                    "Name" : "GetLogs",
                    "Parameters" : {
                      "LogLevel" : "WARN"
                    },
                    "RefreshInterval" : 0,
                    "Target" : "GetLogs"
                  }, {
                    "APIMethod" : "post",
                    "Characteristic" : "Services",
                    "Id" : "f2f93f9d-2dc2-47de-a128-4f005d84ce49",
                    "Name" : "GetLogTypes",
                    "Parameters" : { },
                    "RefreshInterval" : 0,
                    "Target" : "GetLogTypes"
                  } ]
                },
                "UserExtensions" : {
                  "DataName" : "UserExtensions",
                  "EntityName" : "",
                  "EntityType" : "UserExtensions",
                  "Id" : "UserExtensions",
                  "Services" : [ {
                    "APIMethod" : "post",
                    "Characteristic" : "Services",
                    "Id" : "UserExtensionInterface",
                    "Name" : "GetCurrentUserExtensionProperties",
                    "Parameters" : { },
                    "RefreshInterval" : 0,
                    "Target" : "GetCurrentUserExtensionProperties"
                  } ]
                }
              },
              "DataBindings" : [ {
                "Id" : "4c6bbd19-5034-4260-b8e8-2741303f0c02",
                "PropertyMaps" : [ {
                  "SourceProperty" : "",
                  "SourcePropertyBaseType" : "INFOTABLE",
                  "SourcePropertyType" : "InfoTable",
                  "TargetProperty" : "Data",
                  "TargetPropertyBaseType" : "INFOTABLE",
                  "TargetPropertyType" : "property"
                } ],
                "SourceArea" : "Data",
                "SourceDetails" : "AllData",
                "SourceId" : "GetLogs",
                "SourceName" : "GetLogs",
                "SourceSection" : "Things_TWX.Metrices.TWXLogsHelper_Thing",
                "TargetArea" : "UI",
                "TargetId" : "ptcsgrid-13",
                "TargetSection" : ""
              }, {
                "Id" : "5557e107-4596-4564-8b15-6eedc86b170d",
                "PropertyMaps" : [ {
                  "SourceProperty" : "Entity",
                  "SourcePropertyBaseType" : "USERNAME",
                  "SourcePropertyType" : "property",
                  "TargetProperty" : "UserName",
                  "TargetPropertyBaseType" : "USERNAME",
                  "TargetPropertyType" : "Parameter"
                } ],
                "SourceArea" : "UI",
                "SourceId" : "entitypicker-14",
                "SourceSection" : "",
                "TargetArea" : "Data",
                "TargetId" : "GetLogs",
                "TargetSection" : "Things_TWX.Metrices.TWXLogsHelper_Thing"
              }, {
                "Id" : "8d50b3ca-c00a-4d74-9960-896160a1ef15",
                "PropertyMaps" : [ {
                  "SourceProperty" : "State",
                  "SourcePropertyBaseType" : "BOOLEAN",
                  "SourcePropertyType" : "property",
                  "TargetProperty" : "AutoRefresh",
                  "TargetPropertyBaseType" : "BOOLEAN",
                  "TargetPropertyType" : "property"
                } ],
                "SourceArea" : "UI",
                "SourceId" : "ptcstogglebutton-19",
                "SourceSection" : "",
                "TargetArea" : "UI",
                "TargetId" : "autorefreshfunction-20",
                "TargetSection" : ""
              }, {
                "Id" : "a86b354b-5e5e-4739-87b9-6ff0dcb718ec",
                "PropertyMaps" : [ {
                  "SourceProperty" : "LastRefresh",
                  "SourcePropertyBaseType" : "DATETIME",
                  "SourcePropertyType" : "Property",
                  "TargetProperty" : "Data",
                  "TargetPropertyBaseType" : "ANYSCALAR",
                  "TargetPropertyType" : "property"
                } ],
                "SourceArea" : "UI",
                "SourceId" : "autorefreshfunction-20",
                "SourceSection" : "",
                "TargetArea" : "UI",
                "TargetId" : "ptcsvaluedisplay-30",
                "TargetSection" : ""
              }, {
                "Id" : "b5a2056b-193a-4a2a-84ad-1776799d8939",
                "PropertyMaps" : [ {
                  "SourceProperty" : "Text",
                  "SourcePropertyBaseType" : "STRING",
                  "SourcePropertyType" : "property",
                  "TargetProperty" : "SearchString",
                  "TargetPropertyBaseType" : "STRING",
                  "TargetPropertyType" : "Parameter"
                } ],
                "SourceArea" : "UI",
                "SourceId" : "ptcstextfield-31",
                "SourceSection" : "",
                "TargetArea" : "Data",
                "TargetId" : "GetLogs",
                "TargetSection" : "Things_TWX.Metrices.TWXLogsHelper_Thing"
              }, {
                "Id" : "fa6a811d-45d3-4a03-a51e-9a2e9ffd609a",
                "PropertyMaps" : [ {
                  "SourceProperty" : "",
                  "SourcePropertyBaseType" : "INFOTABLE",
                  "SourcePropertyType" : "InfoTable",
                  "TargetProperty" : "Data",
                  "TargetPropertyBaseType" : "INFOTABLE",
                  "TargetPropertyType" : "property"
                } ],
                "SourceArea" : "Data",
                "SourceDetails" : "AllData",
                "SourceId" : "GetLogTypes",
                "SourceSection" : "Things_TWX.Metrices.TWXLogsHelper_Thing",
                "TargetArea" : "UI",
                "TargetId" : "ptcsdropdown-33",
                "TargetSection" : ""
              }, {
                "Id" : "24375928-6bd5-4d90-8772-bdcd8f211fe0",
                "PropertyMaps" : [ {
                  "SourceProperty" : "SelectedText",
                  "SourcePropertyBaseType" : "STRING",
                  "SourcePropertyType" : "property",
                  "TargetProperty" : "LogLevel",
                  "TargetPropertyBaseType" : "STRING",
                  "TargetPropertyType" : "Parameter"
                } ],
                "SourceArea" : "UI",
                "SourceId" : "ptcsdropdown-33",
                "SourceSection" : "",
                "TargetArea" : "Data",
                "TargetId" : "GetLogs",
                "TargetSection" : "Things_TWX.Metrices.TWXLogsHelper_Thing"
              }, {
                "Id" : "8268a914-7de8-49c5-81d9-679a8ec6365d",
                "PropertyMaps" : [ {
                  "SourceProperty" : "DateTime",
                  "SourcePropertyBaseType" : "DATETIME",
                  "SourcePropertyType" : "property",
                  "TargetProperty" : "StartDate",
                  "TargetPropertyBaseType" : "DATETIME",
                  "TargetPropertyType" : "Parameter"
                } ],
                "SourceArea" : "UI",
                "SourceId" : "ptcsdatepicker-40",
                "SourceSection" : "",
                "TargetArea" : "Data",
                "TargetId" : "GetLogs",
                "TargetSection" : "Things_TWX.Metrices.TWXLogsHelper_Thing"
              }, {
                "Id" : "1aa350cb-d939-4dfa-9efc-e6b1da6c77e6",
                "PropertyMaps" : [ {
                  "SourceProperty" : "DateTime",
                  "SourcePropertyBaseType" : "DATETIME",
                  "SourcePropertyType" : "property",
                  "TargetProperty" : "EndDate",
                  "TargetPropertyBaseType" : "DATETIME",
                  "TargetPropertyType" : "Parameter"
                } ],
                "SourceArea" : "UI",
                "SourceId" : "ptcsdatepicker-41",
                "SourceSection" : "",
                "TargetArea" : "Data",
                "TargetId" : "GetLogs",
                "TargetSection" : "Things_TWX.Metrices.TWXLogsHelper_Thing"
              }, {
                "Id" : "d903657b-2948-476c-ad38-0d03845691fe",
                "PropertyMaps" : [ {
                  "SourceProperty" : "State",
                  "SourcePropertyBaseType" : "BOOLEAN",
                  "SourcePropertyType" : "property",
                  "TargetProperty" : "AutoRefresh",
                  "TargetPropertyBaseType" : "BOOLEAN",
                  "TargetPropertyType" : "property"
                } ],
                "SourceArea" : "UI",
                "SourceId" : "ptcstogglebutton-19",
                "SourceSection" : "",
                "TargetArea" : "UI",
                "TargetId" : "validator2-42",
                "TargetSection" : ""
              }, {
                "Id" : "7c1b8eba-8253-41d4-84e9-996f5af40639",
                "PropertyMaps" : [ {
                  "SourceProperty" : "Output",
                  "SourcePropertyBaseType" : "BOOLEAN",
                  "SourcePropertyType" : "property",
                  "TargetProperty" : "Disabled",
                  "TargetPropertyBaseType" : "BOOLEAN",
                  "TargetPropertyType" : "property"
                } ],
                "SourceArea" : "UI",
                "SourceId" : "validator2-42",
                "SourceSection" : "",
                "TargetArea" : "UI",
                "TargetId" : "ptcsdatepicker-40",
                "TargetSection" : ""
              }, {
                "Id" : "b0ef79cc-33af-4d30-bda9-3a904b578ebe",
                "PropertyMaps" : [ {
                  "SourceProperty" : "Output",
                  "SourcePropertyBaseType" : "BOOLEAN",
                  "SourcePropertyType" : "property",
                  "TargetProperty" : "Disabled",
                  "TargetPropertyBaseType" : "BOOLEAN",
                  "TargetPropertyType" : "property"
                } ],
                "SourceArea" : "UI",
                "SourceId" : "validator2-42",
                "SourceSection" : "",
                "TargetArea" : "UI",
                "TargetId" : "ptcsdatepicker-41",
                "TargetSection" : ""
              } ],
              "DesignTimePermissions" : { },
              "Events" : [ {
                "EventHandlerArea" : "Data",
                "EventHandlerId" : "Things_TWX.Metrices.TWXLogsHelper_Thing",
                "EventHandlerService" : "GetLogs",
                "EventTriggerArea" : "Mashup",
                "EventTriggerEvent" : "Loaded",
                "EventTriggerId" : "mashup-root",
                "EventTriggerSection" : "",
                "Id" : "01d41e9a-477e-42e2-90e1-23cecfc2e4ed"
              }, {
                "EventHandlerArea" : "Data",
                "EventHandlerId" : "Things_TWX.Metrices.TWXLogsHelper_Thing",
                "EventHandlerService" : "GetLogs",
                "EventTriggerArea" : "UI",
                "EventTriggerEvent" : "SelectedEntityChanged",
                "EventTriggerId" : "entitypicker-14",
                "EventTriggerSection" : "",
                "Id" : "b73b2359-98ed-481f-aff5-f839c5b3e655"
              }, {
                "EventHandlerArea" : "Data",
                "EventHandlerId" : "Things_TWX.Metrices.TWXLogsHelper_Thing",
                "EventHandlerService" : "GetLogs",
                "EventTriggerArea" : "UI",
                "EventTriggerEvent" : "Refresh",
                "EventTriggerId" : "autorefreshfunction-20",
                "EventTriggerSection" : "",
                "Id" : "f64710ae-1ddc-4273-b2e4-9f69db025c2f"
              }, {
                "EventHandlerArea" : "UI",
                "EventHandlerId" : "autorefreshfunction-20",
                "EventHandlerService" : "ActivateWidgetRefresh",
                "EventTriggerArea" : "Mashup",
                "EventTriggerEvent" : "Loaded",
                "EventTriggerId" : "mashup-root",
                "EventTriggerSection" : "",
                "Id" : "a21aa634-f8ae-41fe-b147-8917cbabf54e"
              }, {
                "EventHandlerArea" : "UI",
                "EventHandlerId" : "autorefreshfunction-20",
                "EventHandlerService" : "ActivateWidgetRefresh",
                "EventTriggerArea" : "UI",
                "EventTriggerEvent" : "Clicked",
                "EventTriggerId" : "ptcsbutton-32",
                "EventTriggerSection" : "",
                "Id" : "5939b52d-88cb-4b13-9651-15e15a71346a"
              }, {
                "EventHandlerArea" : "Data",
                "EventHandlerId" : "Things_TWX.Metrices.TWXLogsHelper_Thing",
                "EventHandlerService" : "GetLogTypes",
                "EventTriggerArea" : "Mashup",
                "EventTriggerEvent" : "Loaded",
                "EventTriggerId" : "mashup-root",
                "EventTriggerSection" : "",
                "Id" : "27ce2a69-6004-4590-99b1-5416ef6552ab"
              }, {
                "EventHandlerArea" : "UI",
                "EventHandlerId" : "autorefreshfunction-20",
                "EventHandlerService" : "ActivateWidgetRefresh",
                "EventTriggerArea" : "UI",
                "EventTriggerEvent" : "SelectedTextChanged",
                "EventTriggerId" : "ptcsdropdown-33",
                "EventTriggerSection" : "",
                "Id" : "51df0cb3-374f-4958-8622-3b6e6907aa23"
              }, {
                "EventHandlerArea" : "UI",
                "EventHandlerId" : "autorefreshfunction-20",
                "EventHandlerService" : "ActivateWidgetRefresh",
                "EventTriggerArea" : "UI",
                "EventTriggerEvent" : "EnterKeyPressed",
                "EventTriggerId" : "ptcstextfield-31",
                "EventTriggerSection" : "",
                "Id" : "020e7a60-8c9e-4865-9a87-07e7d4fc41e7"
              }, {
                "EventHandlerArea" : "Mashup",
                "EventHandlerId" : "mashup-root",
                "EventHandlerService" : "CloseIfPopup",
                "EventTriggerArea" : "UI",
                "EventTriggerEvent" : "Clicked",
                "EventTriggerId" : "ptcsbutton-36",
                "EventTriggerSection" : "",
                "Id" : "f0bec0d8-5164-43b4-8c76-0c9629462857"
              }, {
                "EventHandlerArea" : "UI",
                "EventHandlerId" : "autorefreshfunction-20",
                "EventHandlerService" : "ActivateWidgetRefresh",
                "EventTriggerArea" : "UI",
                "EventTriggerEvent" : "Changed",
                "EventTriggerId" : "ptcsdatepicker-41",
                "EventTriggerSection" : "",
                "Id" : "1ab9eb96-99fb-43ab-ab4c-05fdfdd66ed8"
              }, {
                "EventHandlerArea" : "UI",
                "EventHandlerId" : "autorefreshfunction-20",
                "EventHandlerService" : "ActivateWidgetRefresh",
                "EventTriggerArea" : "UI",
                "EventTriggerEvent" : "Changed",
                "EventTriggerId" : "ptcsdatepicker-40",
                "EventTriggerSection" : "",
                "Id" : "c38600d2-f92f-46fd-9159-0b508ccfd379"
              }, {
                "EventHandlerArea" : "UI",
                "EventHandlerId" : "ptcsdatepicker-41",
                "EventHandlerService" : "ResetToDefaultValue",
                "EventTriggerArea" : "UI",
                "EventTriggerEvent" : "True",
                "EventTriggerId" : "validator2-42",
                "EventTriggerSection" : "",
                "Id" : "97c8cd92-b2c6-4d68-af51-08c170ec62a6"
              }, {
                "EventHandlerArea" : "UI",
                "EventHandlerId" : "ptcsdatepicker-40",
                "EventHandlerService" : "ResetToDefaultValue",
                "EventTriggerArea" : "UI",
                "EventTriggerEvent" : "True",
                "EventTriggerId" : "validator2-42",
                "EventTriggerSection" : "",
                "Id" : "706b369f-c91f-476e-aa96-5fb7ad7b9b94"
              } ],
              "Reminders" : [ ],
              "RunTimePermissions" : { },
              "UI" : {
                "Properties" : {
                  "AddToDashboardButton" : "SimplePlus",
                  "AddToDashboardButtonStyle" : "DefaultAddToDashboardButtonStyle",
                  "Area" : "Mashup",
                  "BGImage" : "",
                  "BGImageRepeat" : "no-repeat",
                  "BGImageSize" : "auto",
                  "Columns" : 0,
                  "ConfigureGadgetButton" : "SimpleGear",
                  "ConfigureGadgetButtonStyle" : "DefaultConfigureGadgetButtonStyle",
                  "DisplayName" : "Mashup",
                  "EnableParameterEditing" : false,
                  "Height" : 618,
                  "Id" : "mashup-root",
                  "IgnoreWarningsInViewMashup" : false,
                  "IsPrintLayout" : false,
                  "Left" : 0,
                  "MashupToEditGadget" : "DefaultMashupToEditGadget",
                  "MinHeight" : 0,
                  "MinWidth" : 0,
                  "ResponsiveLayout" : true,
                  "Rows" : 0,
                  "ShowDataLoading" : true,
                  "Style" : "DefaultMashupStyle",
                  "StyleProperties" : {
                    "data" : {
                      "flexcontainer-27" : {
                        "parts" : {
                          "$" : {
                            "$" : {
                              "background" : "rgba(192,192,192,1)"
                            }
                          }
                        },
                        "widget" : "flex-container"
                      },
                      "ptcsbutton-36" : {
                        "parts" : {
                          "$" : {
                            "$" : {
                              "border-width" : "1px",
                              "min-height" : "20px",
                              "min-width" : "20px"
                            }
                          }
                        },
                        "widget" : "ptcs-button"
                      },
                      "ptcslabel-22" : {
                        "parts" : {
                          "$" : {
                            "$" : {
                              "font-size" : "24px"
                            }
                          }
                        },
                        "widget" : "ptcs-label"
                      }
                    },
                    "meta" : {
                      "type" : "WidgetStyler",
                      "version" : "1.0"
                    }
                  },
                  "StyleTheme" : "PTC Convergence Theme",
                  "Title" : "",
                  "TitleBar" : false,
                  "TitleBarStyle" : "DefaultTitleBarStyle",
                  "TitleBarText" : "Gadget Title Here",
                  "Top" : 0,
                  "Type" : "mashup",
                  "UseMasterTheme" : false,
                  "UseTheme" : false,
                  "UseThemeForHybrids" : false,
                  "Visible" : true,
                  "Width" : 1024,
                  "Z-index" : 10,
                  "__TypeDisplayName" : "Mashup",
                  "id_index" : 42,
                  "secureExpressionsOnly" : true,
                  "supportsAutoResize" : true
                },
                "Widgets" : [ {
                  "Properties" : {
                    "Area" : "UI",
                    "DisplayName" : "container-2",
                    "EnableContainerUnload" : false,
                    "EnableExpandCollapse" : false,
                    "ExpandCollapseTabLocation" : "inside",
                    "Expanded" : true,
                    "Id" : "flexcontainer-2",
                    "LastContainer" : true,
                    "LazyLoading" : false,
                    "Overlay" : false,
                    "ResponsiveLayout" : true,
                    "Scrolling" : "auto-scroll",
                    "ShowDataLoading" : true,
                    "ShowExpandCollapseTab" : false,
                    "SourceURL" : "",
                    "Style" : "DefaultContainerStyle",
                    "StyleProperties" : { },
                    "Type" : "flexcontainer",
                    "UseTheme" : true,
                    "Visible" : true,
                    "Z-index" : 10,
                    "__TypeDisplayName" : "Responsive Container",
                    "align-content" : "flex-start",
                    "align-items" : "flex-start",
                    "flex-basis" : "auto",
                    "flex-direction" : "row",
                    "flex-grow" : 1,
                    "flex-max-height" : "",
                    "flex-max-width" : "",
                    "flex-min-height" : "",
                    "flex-min-width" : "",
                    "flex-shrink" : 1,
                    "flex-size" : "default",
                    "flex-wrap" : "nowrap",
                    "iconClass" : "widgets-flexcontainer",
                    "isLocked" : false,
                    "justify-content" : "flex-start",
                    "positioning" : "responsive",
                    "userCannotRemove" : true
                  },
                  "Widgets" : [ {
                    "Properties" : {
                      "Area" : "UI",
                      "DisplayName" : "container-6",
                      "EnableContainerUnload" : false,
                      "EnableExpandCollapse" : false,
                      "ExpandCollapseTabLocation" : "inside",
                      "Expanded" : true,
                      "Id" : "flexcontainer-6",
                      "LastContainer" : false,
                      "LazyLoading" : false,
                      "Overlay" : false,
                      "ResponsiveLayout" : false,
                      "ShowDataLoading" : true,
                      "ShowExpandCollapseTab" : false,
                      "SourceURL" : "",
                      "Style" : "DefaultContainerStyle",
                      "StyleProperties" : { },
                      "Type" : "flexcontainer",
                      "UseTheme" : true,
                      "Visible" : true,
                      "Z-index" : 10,
                      "__TypeDisplayName" : "Responsive Container",
                      "align-content" : "flex-start",
                      "align-items" : "flex-start",
                      "flex-basis" : "auto",
                      "flex-direction" : "row",
                      "flex-grow" : 1,
                      "flex-max-height" : "",
                      "flex-max-width" : "30px",
                      "flex-min-height" : "",
                      "flex-min-width" : "30px",
                      "flex-shrink" : 1,
                      "flex-size" : "fixed",
                      "flex-wrap" : "nowrap",
                      "iconClass" : "widgets-flexcontainer-fixed",
                      "isLocked" : false,
                      "justify-content" : "flex-start",
                      "positioning" : "responsive",
                      "userCannotRemove" : false
                    },
                    "Widgets" : [ ]
                  }, {
                    "Properties" : {
                      "Area" : "UI",
                      "DisplayName" : "container-5",
                      "EnableContainerUnload" : false,
                      "EnableExpandCollapse" : false,
                      "ExpandCollapseTabLocation" : "inside",
                      "Expanded" : true,
                      "Id" : "flexcontainer-5",
                      "LastContainer" : true,
                      "LazyLoading" : false,
                      "Overlay" : false,
                      "ResponsiveLayout" : false,
                      "ShowDataLoading" : true,
                      "ShowExpandCollapseTab" : false,
                      "SourceURL" : "",
                      "Style" : "DefaultContainerStyle",
                      "StyleProperties" : { },
                      "Type" : "flexcontainer",
                      "UseTheme" : true,
                      "Visible" : true,
                      "Z-index" : 10,
                      "__TypeDisplayName" : "Responsive Container",
                      "align-content" : "flex-start",
                      "align-items" : "flex-start",
                      "flex-basis" : "auto",
                      "flex-direction" : "column",
                      "flex-grow" : 1,
                      "flex-max-height" : "",
                      "flex-max-width" : "",
                      "flex-min-height" : "",
                      "flex-min-width" : "",
                      "flex-shrink" : 1,
                      "flex-size" : "default",
                      "flex-wrap" : "nowrap",
                      "iconClass" : "widgets-flexcontainer",
                      "isLocked" : true,
                      "justify-content" : "flex-start",
                      "positioning" : "responsive",
                      "userCannotRemove" : false
                    },
                    "Widgets" : [ {
                      "Properties" : {
                        "Area" : "UI",
                        "DisplayName" : "container-9",
                        "EnableContainerUnload" : false,
                        "EnableExpandCollapse" : false,
                        "ExpandCollapseTabLocation" : "inside",
                        "Expanded" : true,
                        "Id" : "flexcontainer-9",
                        "LastContainer" : false,
                        "LazyLoading" : false,
                        "Overlay" : false,
                        "ResponsiveLayout" : false,
                        "ShowDataLoading" : true,
                        "ShowExpandCollapseTab" : false,
                        "SourceURL" : "",
                        "Style" : "DefaultContainerStyle",
                        "StyleProperties" : { },
                        "Type" : "flexcontainer",
                        "UseTheme" : true,
                        "Visible" : true,
                        "Z-index" : 10,
                        "__TypeDisplayName" : "Responsive Container",
                        "align-content" : "flex-start",
                        "align-items" : "flex-start",
                        "flex-basis" : "auto",
                        "flex-direction" : "row",
                        "flex-grow" : 1,
                        "flex-max-height" : "30px",
                        "flex-max-width" : "",
                        "flex-min-height" : "30px",
                        "flex-min-width" : "",
                        "flex-shrink" : 1,
                        "flex-size" : "fixed",
                        "flex-wrap" : "nowrap",
                        "iconClass" : "widgets-flexcontainer-fixed",
                        "isLocked" : false,
                        "justify-content" : "flex-start",
                        "positioning" : "responsive",
                        "userCannotRemove" : false
                      },
                      "Widgets" : [ ]
                    }, {
                      "Properties" : {
                        "Area" : "UI",
                        "DisplayName" : "container-11",
                        "EnableContainerUnload" : false,
                        "EnableExpandCollapse" : false,
                        "ExpandCollapseTabLocation" : "inside",
                        "Expanded" : true,
                        "Id" : "flexcontainer-11",
                        "LastContainer" : false,
                        "LazyLoading" : false,
                        "Overlay" : false,
                        "ResponsiveLayout" : false,
                        "ShowDataLoading" : true,
                        "ShowExpandCollapseTab" : false,
                        "SourceURL" : "",
                        "Style" : "DefaultContainerStyle",
                        "StyleProperties" : { },
                        "Type" : "flexcontainer",
                        "UseTheme" : true,
                        "Visible" : true,
                        "Z-index" : 10,
                        "__TypeDisplayName" : "Responsive Container",
                        "align-content" : "flex-start",
                        "align-items" : "center",
                        "flex-basis" : "auto",
                        "flex-direction" : "row",
                        "flex-grow" : 1,
                        "flex-max-height" : "50px",
                        "flex-max-width" : "",
                        "flex-min-height" : "50px",
                        "flex-min-width" : "",
                        "flex-shrink" : 1,
                        "flex-size" : "fixed",
                        "flex-wrap" : "nowrap",
                        "iconClass" : "widgets-flexcontainer-fixed",
                        "isLocked" : false,
                        "justify-content" : "flex-start",
                        "positioning" : "responsive",
                        "userCannotRemove" : false
                      },
                      "Widgets" : [ {
                        "Properties" : {
                          "Area" : "UI",
                          "DisclosureControl" : "show-more",
                          "DisplayName" : "ptcs-label-22",
                          "HorizontalAlignment" : "left",
                          "Id" : "ptcslabel-22",
                          "LabelText" : "ThingWorx Logs | ",
                          "LabelType" : "label",
                          "LastContainer" : false,
                          "Left" : 229.00390625,
                          "Margin" : "5",
                          "MultiLine" : true,
                          "PreserveWhiteSpace" : false,
                          "ResponsiveLayout" : false,
                          "ShowDataLoading" : true,
                          "Top" : 20.01953125,
                          "Type" : "ptcslabel",
                          "UseTheme" : true,
                          "VerticalAlignment" : "flex-start",
                          "Visible" : true,
                          "Z-index" : 10,
                          "__TypeDisplayName" : "Label",
                          "overflowShowLessTxt" : "[[showLess]]",
                          "overflowShowMoreTxt" : "[[showMore]]"
                        },
                        "Widgets" : [ ]
                      }, {
                        "Properties" : {
                          "Area" : "UI",
                          "DataBaseType" : "DATETIME",
                          "Disabled" : false,
                          "DisclosureControl" : "disclosure",
                          "DisplayName" : "ptcs-valuedisplay-30",
                          "HorizontalAlignment" : "left",
                          "Id" : "ptcsvaluedisplay-30",
                          "ImageDisclosureControl" : "button",
                          "ItemMeta" : {
                            "type" : "text"
                          },
                          "Label" : "",
                          "LabelAlignment" : "left",
                          "LabelType" : "label",
                          "LastContainer" : false,
                          "Left" : 229.00390625,
                          "Margin" : "0",
                          "ModalHeight" : 380,
                          "ModalWidth" : 600,
                          "MultiLine" : true,
                          "ResponsiveLayout" : false,
                          "ShowDataLoading" : true,
                          "TabSequence" : 0,
                          "TextIfNoValue" : "",
                          "Top" : 10.01953125,
                          "Type" : "ptcsvaluedisplay",
                          "UseTheme" : true,
                          "ValueFormat" : {
                            "FormatString" : "DD-MM-YY hh:mm a",
                            "formatInfo" : {
                              "StateFormats" : [ ]
                            },
                            "renderer" : "DATETIME",
                            "roundingEnabled" : false,
                            "showDependentField" : true
                          },
                          "ValueFormat_StateParameters" : [ ],
                          "VerticalAlignment" : "flex-start",
                          "Visible" : true,
                          "Z-index" : 10,
                          "__TypeDisplayName" : "Value Display",
                          "overflowShowLessTxt" : "[[showLess]]",
                          "overflowShowMoreTxt" : "[[showMore]]"
                        },
                        "Widgets" : [ ]
                      } ]
                    }, {
                      "Properties" : {
                        "Area" : "UI",
                        "DisplayName" : "container-37",
                        "EnableContainerUnload" : false,
                        "EnableExpandCollapse" : false,
                        "ExpandCollapseTabLocation" : "inside",
                        "Expanded" : true,
                        "Id" : "flexcontainer-37",
                        "LastContainer" : false,
                        "LazyLoading" : false,
                        "Overlay" : false,
                        "ResponsiveLayout" : true,
                        "ShowDataLoading" : true,
                        "ShowExpandCollapseTab" : false,
                        "SourceURL" : "",
                        "Style" : "DefaultContainerStyle",
                        "StyleProperties" : { },
                        "Type" : "flexcontainer",
                        "UseTheme" : true,
                        "Visible" : true,
                        "Z-index" : 10,
                        "__TypeDisplayName" : "Responsive Container",
                        "align-content" : "flex-start",
                        "align-items" : "flex-start",
                        "flex-basis" : "auto",
                        "flex-direction" : "row",
                        "flex-grow" : 1,
                        "flex-max-height" : "11px",
                        "flex-max-width" : "",
                        "flex-min-height" : "11px",
                        "flex-min-width" : "",
                        "flex-shrink" : 1,
                        "flex-size" : "fixed",
                        "flex-wrap" : "nowrap",
                        "iconClass" : "widgets-flexcontainer-fixed",
                        "isLocked" : false,
                        "justify-content" : "flex-start",
                        "positioning" : "responsive",
                        "userCannotRemove" : false
                      },
                      "Widgets" : [ ]
                    }, {
                      "Properties" : {
                        "Area" : "UI",
                        "DisplayName" : "container-12",
                        "EnableContainerUnload" : false,
                        "EnableExpandCollapse" : false,
                        "ExpandCollapseTabLocation" : "inside",
                        "Expanded" : true,
                        "Id" : "flexcontainer-12",
                        "LastContainer" : false,
                        "LazyLoading" : false,
                        "Overlay" : false,
                        "ResponsiveLayout" : true,
                        "ShowDataLoading" : true,
                        "ShowExpandCollapseTab" : false,
                        "SourceURL" : "",
                        "Style" : "DefaultContainerStyle",
                        "StyleProperties" : { },
                        "Type" : "flexcontainer",
                        "UseTheme" : true,
                        "Visible" : true,
                        "Z-index" : 10,
                        "__TypeDisplayName" : "Responsive Container",
                        "align-content" : "flex-start",
                        "align-items" : "flex-start",
                        "flex-basis" : "auto",
                        "flex-direction" : "row",
                        "flex-grow" : 1,
                        "flex-max-height" : "46px",
                        "flex-max-width" : "",
                        "flex-min-height" : "46px",
                        "flex-min-width" : "",
                        "flex-shrink" : 1,
                        "flex-size" : "fixed",
                        "flex-wrap" : "nowrap",
                        "iconClass" : "widgets-flexcontainer-fixed",
                        "isLocked" : false,
                        "justify-content" : "flex-start",
                        "positioning" : "responsive",
                        "userCannotRemove" : false
                      },
                      "Widgets" : [ {
                        "Properties" : {
                          "Area" : "UI",
                          "DisplayName" : "container-16",
                          "EnableContainerUnload" : false,
                          "EnableExpandCollapse" : false,
                          "ExpandCollapseTabLocation" : "inside",
                          "Expanded" : true,
                          "Id" : "flexcontainer-16",
                          "LastContainer" : true,
                          "LazyLoading" : false,
                          "Overlay" : false,
                          "ResponsiveLayout" : false,
                          "ShowDataLoading" : true,
                          "ShowExpandCollapseTab" : false,
                          "SourceURL" : "",
                          "Style" : "DefaultContainerStyle",
                          "StyleProperties" : { },
                          "Type" : "flexcontainer",
                          "UseTheme" : true,
                          "Visible" : true,
                          "Z-index" : 10,
                          "__TypeDisplayName" : "Responsive Container",
                          "align-content" : "flex-start",
                          "align-items" : "center",
                          "flex-basis" : "auto",
                          "flex-direction" : "row",
                          "flex-grow" : 1,
                          "flex-max-height" : "",
                          "flex-max-width" : "",
                          "flex-min-height" : "",
                          "flex-min-width" : "",
                          "flex-shrink" : 1,
                          "flex-size" : "default",
                          "flex-wrap" : "nowrap",
                          "iconClass" : "widgets-flexcontainer",
                          "isLocked" : true,
                          "justify-content" : "flex-start",
                          "positioning" : "responsive",
                          "userCannotRemove" : false
                        },
                        "Widgets" : [ {
                          "Properties" : {
                            "Area" : "UI",
                            "DisplayName" : "entitypicker-14",
                            "EntityType" : "Users",
                            "FocusStyle" : "DefaultFocusStyle",
                            "Height" : 34,
                            "Id" : "entitypicker-14",
                            "IncludeSystemObjects" : false,
                            "LastContainer" : false,
                            "Left" : 444.00390625,
                            "Margin" : "5",
                            "ResponsiveLayout" : false,
                            "SearchIncludesDescriptions" : true,
                            "SearchTerm" : "",
                            "ShowAdvanced" : true,
                            "ShowDataLoading" : true,
                            "TabSequence" : 0,
                            "Top" : 15.01953125,
                            "Type" : "entitypicker",
                            "UseMostRecentlyUsed" : true,
                            "Visible" : true,
                            "Width" : 175,
                            "Z-index" : 10,
                            "__TypeDisplayName" : "Entity Picker"
                          },
                          "Widgets" : [ ]
                        }, {
                          "Properties" : {
                            "Alignment" : "left",
                            "AllLabel" : "[[all]]",
                            "Area" : "UI",
                            "AutoSelectFirstRow" : true,
                            "ClearSelectedItemsLabel" : "[[clearSelectedItems]]",
                            "ClearSelectionItem" : false,
                            "ClearSelectionLabel" : "[[None]]",
                            "Disabled" : false,
                            "DisplayField" : "item",
                            "DisplayFieldBaseType" : "STRING",
                            "DisplayName" : "ptcs-dropdown-33",
                            "FilterHintText" : "Filter",
                            "Height" : 34,
                            "HintText" : "Log Level",
                            "Id" : "ptcsdropdown-33",
                            "ItemMeta" : {
                              "type" : "text"
                            },
                            "Label" : "",
                            "LabelAlignment" : "left",
                            "LastContainer" : false,
                            "Left" : 186.015625,
                            "ListFormat_StateParameters" : [ ],
                            "ListMarginTop" : 8,
                            "Margin" : "5",
                            "MultiSelect" : false,
                            "ResponsiveLayout" : false,
                            "RowHeight" : 34,
                            "SelectAllLabel" : "[[selectAll]]",
                            "SelectedLabel" : "[[selected]]",
                            "ShowDataLoading" : true,
                            "ShowListFilter" : false,
                            "StateField" : "item",
                            "TabSequence" : 0,
                            "Top" : 10.01953125,
                            "Type" : "ptcsdropdown",
                            "UseTheme" : true,
                            "ValueField" : "item",
                            "Visible" : true,
                            "Width" : 103,
                            "Z-index" : 10,
                            "__TypeDisplayName" : "DropDown"
                          },
                          "Widgets" : [ ]
                        }, {
                          "Properties" : {
                            "Area" : "UI",
                            "Counter" : false,
                            "Disabled" : false,
                            "DisplayName" : "ptcs-textfield-31",
                            "Height" : 34,
                            "HintText" : "Serach string or expression",
                            "Id" : "ptcstextfield-31",
                            "Label" : "",
                            "LabelAlignment" : "left",
                            "LastContainer" : false,
                            "Left" : 224.00390625,
                            "Margin" : "5",
                            "MaxNumberOfCharacters" : 100,
                            "Password" : false,
                            "ReadOnly" : false,
                            "ResponsiveLayout" : false,
                            "ShowClearText" : true,
                            "ShowDataLoading" : true,
                            "TabSequence" : 0,
                            "TextAlignment" : "left",
                            "Top" : 15.01953125,
                            "Type" : "ptcstextfield",
                            "UseTheme" : true,
                            "Visible" : true,
                            "Width" : 203,
                            "Z-index" : 10,
                            "__TypeDisplayName" : "Text Field"
                          },
                          "Widgets" : [ ]
                        }, {
                          "Properties" : {
                            "Area" : "UI",
                            "ButtonType" : "primary",
                            "ContextID" : "",
                            "Disabled" : false,
                            "DisplayName" : "ptcs-button-32",
                            "Height" : 34,
                            "Icon" : "/Thingworx/MediaEntities/TWX.Metrices.SearchIcon_ME",
                            "Id" : "ptcsbutton-32",
                            "Label" : null,
                            "LabelAlignment" : "center",
                            "LastContainer" : false,
                            "Left" : 364.00390625,
                            "Margin" : "5",
                            "MultiLine" : false,
                            "ResponsiveLayout" : false,
                            "ShowDataLoading" : true,
                            "TabSequence" : 0,
                            "Top" : 15.01953125,
                            "Type" : "ptcsbutton",
                            "UseTheme" : true,
                            "Visible" : true,
                            "Z-index" : 10,
                            "__TypeDisplayName" : "Button"
                          },
                          "Widgets" : [ ]
                        }, {
                          "Properties" : {
                            "Area" : "UI",
                            "CurrentDateButton" : true,
                            "DateDelimiter" : "-",
                            "DateOnly" : false,
                            "DateOrder" : "DMY",
                            "DateRange" : false,
                            "Disabled" : false,
                            "DisplayName" : "ptcs-datepicker-40",
                            "DisplaySeconds" : false,
                            "DoneLabel" : "[[datepickerCloseText]]",
                            "EndDateLabel" : "[[endRangeDate]]",
                            "HintText" : "Start date",
                            "HoursLabel" : "[[hours]]",
                            "Id" : "ptcsdatepicker-40",
                            "InitializeWithCurrentDateTime" : true,
                            "Interval" : -24,
                            "IntervalType" : "h",
                            "InvalidDateRangeMessage" : "[[invalidDateRangeMessage]]",
                            "Label" : "",
                            "LabelAlignment" : "left",
                            "LastContainer" : false,
                            "Left" : 557.01171875,
                            "Margin" : "5",
                            "MinutesLabel" : "[[minutes]]",
                            "MonthFormat" : "full",
                            "PrimaryActionPosition" : "left",
                            "RangeHintText" : "[[selectDate]]",
                            "ResponsiveLayout" : false,
                            "SecondsLabel" : "[[seconds]]",
                            "ShowDataLoading" : true,
                            "StartDateLabel" : "[[startRangeDate]]",
                            "TabSequence" : 0,
                            "TodayLabel" : "[[datepickerCurrentText]]",
                            "Top" : 25.01953125,
                            "Type" : "ptcsdatepicker",
                            "UseTheme" : true,
                            "Visible" : true,
                            "WeeklyCalendarStart" : "monday",
                            "Width" : 225,
                            "YearRange" : 10,
                            "Z-index" : 10,
                            "__TypeDisplayName" : "Date Time Picker"
                          },
                          "Widgets" : [ ]
                        }, {
                          "Properties" : {
                            "Area" : "UI",
                            "CurrentDateButton" : true,
                            "DateDelimiter" : "-",
                            "DateOnly" : false,
                            "DateOrder" : "DMY",
                            "DateRange" : false,
                            "Disabled" : false,
                            "DisplayName" : "ptcs-datepicker-41",
                            "DisplaySeconds" : false,
                            "DoneLabel" : "[[datepickerCloseText]]",
                            "EndDateLabel" : "[[endRangeDate]]",
                            "HintText" : "End date",
                            "HoursLabel" : "[[hours]]",
                            "Id" : "ptcsdatepicker-41",
                            "InitializeWithCurrentDateTime" : true,
                            "Interval" : 0,
                            "IntervalType" : "h",
                            "InvalidDateRangeMessage" : "[[invalidDateRangeMessage]]",
                            "Label" : "",
                            "LabelAlignment" : "left",
                            "LastContainer" : false,
                            "Left" : 557.01171875,
                            "Margin" : "5",
                            "MinutesLabel" : "[[minutes]]",
                            "MonthFormat" : "full",
                            "PrimaryActionPosition" : "left",
                            "RangeHintText" : "[[selectDate]]",
                            "ResponsiveLayout" : false,
                            "SecondsLabel" : "[[seconds]]",
                            "ShowDataLoading" : true,
                            "StartDateLabel" : "[[startRangeDate]]",
                            "TabSequence" : 0,
                            "TodayLabel" : "[[datepickerCurrentText]]",
                            "Top" : 25.01953125,
                            "Type" : "ptcsdatepicker",
                            "UseTheme" : true,
                            "Visible" : true,
                            "WeeklyCalendarStart" : "monday",
                            "Width" : 225,
                            "YearRange" : 10,
                            "Z-index" : 10,
                            "__TypeDisplayName" : "Date Time Picker"
                          },
                          "Widgets" : [ ]
                        } ]
                      }, {
                        "Properties" : {
                          "Area" : "UI",
                          "DisplayName" : "container-17",
                          "EnableContainerUnload" : false,
                          "EnableExpandCollapse" : false,
                          "ExpandCollapseTabLocation" : "inside",
                          "Expanded" : true,
                          "Id" : "flexcontainer-17",
                          "LastContainer" : false,
                          "LazyLoading" : false,
                          "Overlay" : false,
                          "ResponsiveLayout" : true,
                          "ShowDataLoading" : true,
                          "ShowExpandCollapseTab" : false,
                          "SourceURL" : "",
                          "Style" : "DefaultContainerStyle",
                          "StyleProperties" : { },
                          "Type" : "flexcontainer",
                          "UseTheme" : true,
                          "Visible" : true,
                          "Z-index" : 10,
                          "__TypeDisplayName" : "Responsive Container",
                          "align-content" : "flex-start",
                          "align-items" : "center",
                          "flex-basis" : "auto",
                          "flex-direction" : "row",
                          "flex-grow" : 1,
                          "flex-max-height" : "",
                          "flex-max-width" : "200px",
                          "flex-min-height" : "",
                          "flex-min-width" : "200px",
                          "flex-shrink" : 1,
                          "flex-size" : "fixed",
                          "flex-wrap" : "nowrap",
                          "iconClass" : "widgets-flexcontainer-fixed",
                          "isLocked" : false,
                          "justify-content" : "flex-end",
                          "positioning" : "responsive",
                          "userCannotRemove" : false
                        },
                        "Widgets" : [ {
                          "Properties" : {
                            "Area" : "UI",
                            "Disabled" : false,
                            "DisplayName" : "ptcs-togglebutton-19",
                            "Id" : "ptcstogglebutton-19",
                            "Label" : "Auto Refresh",
                            "LabelAlignment" : "left",
                            "LastContainer" : false,
                            "Left" : 229.00390625,
                            "Margin" : "5",
                            "ResponsiveLayout" : false,
                            "ShowDataLoading" : true,
                            "State" : false,
                            "TabSequence" : 0,
                            "Top" : 5.01953125,
                            "Type" : "ptcstogglebutton",
                            "UseTheme" : true,
                            "Visible" : true,
                            "Z-index" : 10,
                            "__TypeDisplayName" : "Toggle Button"
                          },
                          "Widgets" : [ ]
                        } ]
                      } ]
                    }, {
                      "Properties" : {
                        "Area" : "UI",
                        "DisplayName" : "container-15",
                        "EnableContainerUnload" : false,
                        "EnableExpandCollapse" : false,
                        "ExpandCollapseTabLocation" : "inside",
                        "Expanded" : true,
                        "Id" : "flexcontainer-15",
                        "LastContainer" : false,
                        "LazyLoading" : false,
                        "Overlay" : false,
                        "ResponsiveLayout" : true,
                        "ShowDataLoading" : true,
                        "ShowExpandCollapseTab" : false,
                        "SourceURL" : "",
                        "Style" : "DefaultContainerStyle",
                        "StyleProperties" : { },
                        "Type" : "flexcontainer",
                        "UseTheme" : true,
                        "Visible" : true,
                        "Z-index" : 10,
                        "__TypeDisplayName" : "Responsive Container",
                        "align-content" : "flex-start",
                        "align-items" : "flex-start",
                        "flex-basis" : "auto",
                        "flex-direction" : "row",
                        "flex-grow" : 1,
                        "flex-max-height" : "16px",
                        "flex-max-width" : "",
                        "flex-min-height" : "16px",
                        "flex-min-width" : "",
                        "flex-shrink" : 1,
                        "flex-size" : "fixed",
                        "flex-wrap" : "nowrap",
                        "iconClass" : "widgets-flexcontainer-fixed",
                        "isLocked" : false,
                        "justify-content" : "flex-start",
                        "positioning" : "responsive",
                        "userCannotRemove" : false
                      },
                      "Widgets" : [ ]
                    }, {
                      "Properties" : {
                        "Area" : "UI",
                        "DisplayName" : "container-8",
                        "EnableContainerUnload" : false,
                        "EnableExpandCollapse" : false,
                        "ExpandCollapseTabLocation" : "inside",
                        "Expanded" : true,
                        "Id" : "flexcontainer-8",
                        "LastContainer" : true,
                        "LazyLoading" : false,
                        "Overlay" : false,
                        "ResponsiveLayout" : false,
                        "Scrolling" : "auto-scroll",
                        "ShowDataLoading" : true,
                        "ShowExpandCollapseTab" : false,
                        "SourceURL" : "",
                        "Style" : "DefaultContainerStyle",
                        "StyleProperties" : { },
                        "Type" : "flexcontainer",
                        "UseTheme" : true,
                        "Visible" : true,
                        "Z-index" : 10,
                        "__TypeDisplayName" : "Responsive Container",
                        "align-content" : "flex-start",
                        "align-items" : "flex-start",
                        "flex-basis" : "auto",
                        "flex-direction" : "row",
                        "flex-grow" : 1,
                        "flex-max-height" : "",
                        "flex-max-width" : "",
                        "flex-min-height" : "",
                        "flex-min-width" : "",
                        "flex-shrink" : 1,
                        "flex-size" : "default",
                        "flex-wrap" : "nowrap",
                        "iconClass" : "widgets-flexcontainer",
                        "isLocked" : true,
                        "justify-content" : "flex-start",
                        "positioning" : "responsive",
                        "userCannotRemove" : false
                      },
                      "Widgets" : [ {
                        "Properties" : {
                          "AddButtonText" : "[[add]]",
                          "AddRowButtonText" : "[[add]]",
                          "AddRowFormTitle" : null,
                          "ApplyButtonText" : "[[apply]]",
                          "Area" : "UI",
                          "AutoScroll" : false,
                          "BindDataText" : "[[bindData]]",
                          "CacheRuntimeChanges" : true,
                          "CancelButtonText" : "[[cancel]]",
                          "CancelEditButtonText" : "[[cancel]]",
                          "ClearFilteredSelection" : false,
                          "ColumnFormat" : {
                            "formatInfo" : [ {
                              "AllowEdit" : false,
                              "Description" : "level of log entry",
                              "FieldName" : "level",
                              "FormatOptions" : {
                                "FormatString" : "notext",
                                "RoundingEnabled" : true,
                                "formatInfo" : {
                                  "FieldName" : "level",
                                  "StateDefinition" : "TWX.Metrices.Logs_StateD",
                                  "StateDefinitionType" : "string",
                                  "StateFormats" : [ {
                                    "comparator" : "==",
                                    "defaultValue" : "ERROR",
                                    "state" : "TWX.Metrices.Error_SD",
                                    "stateName" : "",
                                    "value" : "ERROR"
                                  }, {
                                    "comparator" : "==",
                                    "defaultValue" : "WARN",
                                    "state" : "TWX.Metrices.Warn_SD",
                                    "stateName" : "",
                                    "value" : "WARN"
                                  }, {
                                    "state" : "TWX.Metrices.Info_SD",
                                    "stateName" : ""
                                  } ]
                                },
                                "formatText" : "[[HyperlinkName]]",
                                "renderer" : "STRING",
                                "roundingEnabled" : true,
                                "showDependentField" : false
                              },
                              "Title" : "-",
                              "Width" : "10px",
                              "cellEditor" : "textfield",
                              "cellHorizontalAlignment" : "left",
                              "columnMinimumWidth" : "10",
                              "editable" : false,
                              "excludeFromRowEdit" : false,
                              "expressionValidator" : "validator2",
                              "headerHorizontalAlignment" : "left",
                              "hidden" : false,
                              "inLayout" : true,
                              "initialSort" : "none",
                              "required" : false,
                              "sortable" : false
                            }, {
                              "AllowEdit" : false,
                              "Description" : "Time of log entry",
                              "FieldName" : "timestamp",
                              "FormatOptions" : {
                                "FormatString" : "DD-MM-YY HH:mm:ss",
                                "RoundingEnabled" : true,
                                "formatInfo" : {
                                  "StateFormats" : [ ]
                                },
                                "formatText" : "[[HyperlinkName]]",
                                "renderer" : "DATETIME",
                                "roundingEnabled" : true,
                                "showDependentField" : false
                              },
                              "Title" : "TIMESTAMP",
                              "Width" : "140px",
                              "cellEditor" : "datepicker",
                              "cellHorizontalAlignment" : "left",
                              "columnMinimumWidth" : 75,
                              "editable" : false,
                              "excludeFromRowEdit" : false,
                              "expressionValidator" : "validator2",
                              "headerHorizontalAlignment" : "left",
                              "hidden" : false,
                              "inLayout" : true,
                              "initialSort" : "none",
                              "required" : false,
                              "sortable" : false
                            }, {
                              "AllowEdit" : false,
                              "Description" : "",
                              "FieldName" : "Source",
                              "FormatOptions" : {
                                "FormatString" : "full",
                                "RoundingEnabled" : true,
                                "formatInfo" : {
                                  "StateFormats" : [ ]
                                },
                                "formatText" : "[[HyperlinkName]]",
                                "renderer" : "STRING",
                                "roundingEnabled" : true,
                                "showDependentField" : false
                              },
                              "Title" : "LOG TYPE",
                              "Width" : "150px",
                              "cellEditor" : "textfield",
                              "cellHorizontalAlignment" : "left",
                              "columnMinimumWidth" : 75,
                              "editable" : false,
                              "excludeFromRowEdit" : false,
                              "expressionValidator" : "validator2",
                              "headerHorizontalAlignment" : "left",
                              "hidden" : false,
                              "inLayout" : true,
                              "initialSort" : "none",
                              "required" : false,
                              "sortable" : false
                            }, {
                              "AllowEdit" : false,
                              "Description" : "log message content",
                              "FieldName" : "content",
                              "FormatOptions" : {
                                "FormatString" : "full",
                                "RoundingEnabled" : true,
                                "formatInfo" : {
                                  "StateFormats" : [ ]
                                },
                                "formatText" : "[[HyperlinkName]]",
                                "renderer" : "STRING",
                                "roundingEnabled" : true,
                                "showDependentField" : false
                              },
                              "Title" : "MESSAGE",
                              "Width" : "auto",
                              "cellEditor" : "",
                              "cellHorizontalAlignment" : "left",
                              "columnMinimumWidth" : 75,
                              "editable" : false,
                              "excludeFromRowEdit" : false,
                              "expressionValidator" : "validator2",
                              "headerHorizontalAlignment" : "left",
                              "hidden" : false,
                              "inLayout" : true,
                              "initialSort" : "none",
                              "required" : false,
                              "sortable" : false
                            }, {
                              "AllowEdit" : false,
                              "Description" : "user that generated log entry",
                              "FieldName" : "user",
                              "FormatOptions" : {
                                "FormatString" : "text",
                                "RoundingEnabled" : true,
                                "formatInfo" : {
                                  "StateFormats" : [ ]
                                },
                                "formatText" : "[[HyperlinkName]]",
                                "renderer" : "USERNAME",
                                "roundingEnabled" : true,
                                "showDependentField" : false
                              },
                              "Title" : "USER",
                              "Width" : "100px",
                              "cellEditor" : "",
                              "cellHorizontalAlignment" : "left",
                              "columnMinimumWidth" : 75,
                              "editable" : false,
                              "excludeFromRowEdit" : false,
                              "expressionValidator" : "validator2",
                              "headerHorizontalAlignment" : "left",
                              "hidden" : false,
                              "inLayout" : true,
                              "initialSort" : "none",
                              "required" : false,
                              "sortable" : false
                            }, {
                              "AllowEdit" : false,
                              "Description" : "entity instance with the log entry",
                              "FieldName" : "instance",
                              "FormatOptions" : {
                                "FormatString" : "full",
                                "RoundingEnabled" : true,
                                "formatInfo" : {
                                  "StateFormats" : [ ]
                                },
                                "formatText" : "[[HyperlinkName]]",
                                "renderer" : "STRING",
                                "roundingEnabled" : true,
                                "showDependentField" : false
                              },
                              "Title" : "instance",
                              "Width" : "auto",
                              "cellEditor" : "",
                              "cellHorizontalAlignment" : "left",
                              "columnMinimumWidth" : 75,
                              "editable" : false,
                              "excludeFromRowEdit" : false,
                              "expressionValidator" : "validator2",
                              "headerHorizontalAlignment" : "left",
                              "hidden" : true,
                              "inLayout" : true,
                              "initialSort" : "none",
                              "required" : false,
                              "sortable" : false
                            }, {
                              "AllowEdit" : false,
                              "Description" : "session associated with the log entry",
                              "FieldName" : "session",
                              "FormatOptions" : {
                                "FormatString" : "full",
                                "RoundingEnabled" : true,
                                "formatInfo" : {
                                  "StateFormats" : [ ]
                                },
                                "formatText" : "[[HyperlinkName]]",
                                "renderer" : "STRING",
                                "roundingEnabled" : true,
                                "showDependentField" : false
                              },
                              "Title" : "session",
                              "Width" : "auto",
                              "cellEditor" : "",
                              "cellHorizontalAlignment" : "left",
                              "columnMinimumWidth" : 75,
                              "editable" : false,
                              "excludeFromRowEdit" : false,
                              "expressionValidator" : "validator2",
                              "headerHorizontalAlignment" : "left",
                              "hidden" : true,
                              "inLayout" : true,
                              "initialSort" : "none",
                              "required" : false,
                              "sortable" : false
                            }, {
                              "AllowEdit" : false,
                              "Description" : "origin of the log entry",
                              "FieldName" : "origin",
                              "FormatOptions" : {
                                "FormatString" : "full",
                                "RoundingEnabled" : true,
                                "formatInfo" : {
                                  "StateFormats" : [ ]
                                },
                                "formatText" : "[[HyperlinkName]]",
                                "renderer" : "STRING",
                                "roundingEnabled" : true,
                                "showDependentField" : false
                              },
                              "Title" : "origin",
                              "Width" : "auto",
                              "cellEditor" : "",
                              "cellHorizontalAlignment" : "left",
                              "columnMinimumWidth" : 75,
                              "editable" : false,
                              "excludeFromRowEdit" : false,
                              "expressionValidator" : "validator2",
                              "headerHorizontalAlignment" : "left",
                              "hidden" : true,
                              "inLayout" : true,
                              "initialSort" : "none",
                              "required" : false,
                              "sortable" : false
                            }, {
                              "AllowEdit" : false,
                              "Description" : "identifier for the platform that logged the entry",
                              "FieldName" : "platformId",
                              "FormatOptions" : {
                                "FormatString" : "full",
                                "RoundingEnabled" : true,
                                "formatInfo" : {
                                  "StateFormats" : [ ]
                                },
                                "formatText" : "[[HyperlinkName]]",
                                "renderer" : "STRING",
                                "roundingEnabled" : true,
                                "showDependentField" : false
                              },
                              "Title" : "platformId",
                              "Width" : "auto",
                              "cellEditor" : "",
                              "cellHorizontalAlignment" : "left",
                              "columnMinimumWidth" : 75,
                              "editable" : false,
                              "excludeFromRowEdit" : false,
                              "expressionValidator" : "validator2",
                              "headerHorizontalAlignment" : "left",
                              "hidden" : true,
                              "inLayout" : true,
                              "initialSort" : "none",
                              "required" : false,
                              "sortable" : false
                            }, {
                              "AllowEdit" : false,
                              "Description" : "thread that generated log entry",
                              "FieldName" : "thread",
                              "FormatOptions" : {
                                "FormatString" : "full",
                                "RoundingEnabled" : true,
                                "formatInfo" : {
                                  "StateFormats" : [ ]
                                },
                                "formatText" : "[[HyperlinkName]]",
                                "renderer" : "STRING",
                                "roundingEnabled" : true,
                                "showDependentField" : false
                              },
                              "Title" : "thread",
                              "Width" : "auto",
                              "cellEditor" : "",
                              "cellHorizontalAlignment" : "left",
                              "columnMinimumWidth" : 75,
                              "editable" : false,
                              "excludeFromRowEdit" : false,
                              "expressionValidator" : "validator2",
                              "headerHorizontalAlignment" : "left",
                              "hidden" : true,
                              "inLayout" : true,
                              "initialSort" : "none",
                              "required" : false,
                              "sortable" : false
                            } ]
                          },
                          "ColumnsMenuOptions" : "none",
                          "ColumnsMenuVisibleItems" : 6,
                          "DefaultSelectedRows" : "",
                          "DeleteRowButtonText" : "[[delete]]",
                          "DisableLegacyValidation" : true,
                          "DisplayButtonText" : "[[display]]",
                          "DisplayName" : "ptcs-grid-13",
                          "EditButton" : false,
                          "EditButtonText" : "[[edit]]",
                          "EditControlLabel" : "[[edit]]",
                          "EditControlType" : "link",
                          "EditControlVisibility" : "hover",
                          "EditLevel" : "cell",
                          "FilterHintText" : "[[filter]]",
                          "FilterWidth" : 273,
                          "HeaderVerticalAlignment" : "top",
                          "Height" : 368,
                          "HideHeaderRow" : false,
                          "HighlightDraftState" : false,
                          "IDFieldName" : "id",
                          "Id" : "ptcsgrid-13",
                          "IsEditable" : false,
                          "Label" : null,
                          "LabelAlignment" : "left",
                          "LabelType" : "sub-header",
                          "LastContainer" : false,
                          "Left" : 227.01388549804688,
                          "MinRowHeight" : 48,
                          "NoDataToDisplayText" : "[[noDataToDisplay]]",
                          "NoMatchesText" : "[[noMatches]]",
                          "NoResultsText" : "[[noResults]]",
                          "PreventRowWrapInNav" : false,
                          "ReorderColumns" : false,
                          "ResetButtonText" : "[[reset]]",
                          "ResizeColumns" : false,
                          "ResponsiveLayout" : true,
                          "RowAddButton" : false,
                          "RowDeleteButton" : false,
                          "RowEditFormTitle" : null,
                          "RowFormat_StateParameters" : [ ],
                          "RowSelection" : "none",
                          "RowsVerticalAlignment" : "top",
                          "SaveEditButtonText" : "[[save]]",
                          "SelectedItemText" : "[[rowSelected]]",
                          "SelectedItemsText" : "[[rowsSelected]]",
                          "SelectedRowsChangedCallback" : false,
                          "ShowColumnFeature" : true,
                          "ShowDataLoading" : false,
                          "ShowFilter" : false,
                          "ShowFooter" : false,
                          "ShowHeaderRowInFooter" : false,
                          "ShowResetButton" : false,
                          "ShowRowNumbers" : false,
                          "ShowValidationCriteria" : false,
                          "ShowValidationFailure" : false,
                          "ShowValidationSuccess" : false,
                          "ShowValidatorFeature" : false,
                          "SingleLineHeader" : false,
                          "SingleLineRows" : false,
                          "SortSelectionColumn" : false,
                          "TabSequence" : 0,
                          "Top" : 115.57291412353516,
                          "TriggerEventOnConfigChange" : true,
                          "Type" : "ptcsgrid",
                          "UpdateButtonText" : "[[update]]",
                          "UseTheme" : true,
                          "Visible" : true,
                          "Width" : 464,
                          "Z-index" : 10,
                          "__TypeDisplayName" : "Grid"
                        },
                        "Widgets" : [ ]
                      } ]
                    }, {
                      "Properties" : {
                        "Area" : "UI",
                        "DisplayName" : "container-10",
                        "EnableContainerUnload" : false,
                        "EnableExpandCollapse" : false,
                        "ExpandCollapseTabLocation" : "inside",
                        "Expanded" : true,
                        "Id" : "flexcontainer-10",
                        "LastContainer" : false,
                        "LazyLoading" : false,
                        "Overlay" : false,
                        "ResponsiveLayout" : true,
                        "ShowDataLoading" : true,
                        "ShowExpandCollapseTab" : false,
                        "SourceURL" : "",
                        "Style" : "DefaultContainerStyle",
                        "StyleProperties" : { },
                        "Type" : "flexcontainer",
                        "UseTheme" : true,
                        "Visible" : true,
                        "Z-index" : 10,
                        "__TypeDisplayName" : "Responsive Container",
                        "align-content" : "flex-start",
                        "align-items" : "flex-start",
                        "flex-basis" : "auto",
                        "flex-direction" : "row",
                        "flex-grow" : 1,
                        "flex-max-height" : "30px",
                        "flex-max-width" : "",
                        "flex-min-height" : "30px",
                        "flex-min-width" : "",
                        "flex-shrink" : 1,
                        "flex-size" : "fixed",
                        "flex-wrap" : "nowrap",
                        "iconClass" : "widgets-flexcontainer-fixed",
                        "isLocked" : false,
                        "justify-content" : "flex-start",
                        "positioning" : "responsive",
                        "userCannotRemove" : false
                      },
                      "Widgets" : [ ]
                    } ]
                  }, {
                    "Properties" : {
                      "Area" : "UI",
                      "DisplayName" : "container-7",
                      "EnableContainerUnload" : false,
                      "EnableExpandCollapse" : false,
                      "ExpandCollapseTabLocation" : "inside",
                      "Expanded" : true,
                      "Id" : "flexcontainer-7",
                      "LastContainer" : false,
                      "LazyLoading" : false,
                      "Overlay" : false,
                      "ResponsiveLayout" : true,
                      "ShowDataLoading" : true,
                      "ShowExpandCollapseTab" : false,
                      "SourceURL" : "",
                      "Style" : "DefaultContainerStyle",
                      "StyleProperties" : { },
                      "Type" : "flexcontainer",
                      "UseTheme" : true,
                      "Visible" : true,
                      "Z-index" : 10,
                      "__TypeDisplayName" : "Responsive Container",
                      "align-content" : "flex-start",
                      "align-items" : "flex-start",
                      "flex-basis" : "auto",
                      "flex-direction" : "row",
                      "flex-grow" : 1,
                      "flex-max-height" : "",
                      "flex-max-width" : "30px",
                      "flex-min-height" : "",
                      "flex-min-width" : "30px",
                      "flex-shrink" : 1,
                      "flex-size" : "fixed",
                      "flex-wrap" : "nowrap",
                      "iconClass" : "widgets-flexcontainer-fixed",
                      "isLocked" : false,
                      "justify-content" : "flex-start",
                      "positioning" : "responsive",
                      "userCannotRemove" : false
                    },
                    "Widgets" : [ {
                      "Properties" : {
                        "Area" : "UI",
                        "ButtonType" : "tertiary",
                        "ContextID" : "",
                        "Disabled" : false,
                        "DisplayName" : "ptcs-button-36",
                        "Height" : 20,
                        "Icon" : "/Thingworx/MediaEntities/TWX.Metrices.CloseIcon_ME",
                        "Id" : "ptcsbutton-36",
                        "Label" : null,
                        "LabelAlignment" : "center",
                        "LastContainer" : false,
                        "Left" : 22.01171875,
                        "Margin" : "8 8 0 0",
                        "MultiLine" : false,
                        "ResponsiveLayout" : false,
                        "ShowDataLoading" : true,
                        "TabSequence" : 0,
                        "Top" : 10.01953125,
                        "Type" : "ptcsbutton",
                        "UseTheme" : true,
                        "Visible" : true,
                        "Width" : 20,
                        "Z-index" : 10,
                        "__TypeDisplayName" : "Button"
                      },
                      "Widgets" : [ ]
                    } ]
                  } ]
                }, {
                  "Properties" : {
                    "Area" : "UI",
                    "AutoRefresh" : true,
                    "DisplayName" : "RefreshLogs",
                    "Id" : "autorefreshfunction-20",
                    "LastContainer" : false,
                    "Left" : null,
                    "RefreshInterval" : "5",
                    "ResponsiveLayout" : false,
                    "ShowDataLoading" : true,
                    "Top" : null,
                    "Type" : "autorefreshfunction",
                    "Visible" : true,
                    "Z-index" : 10,
                    "__TypeDisplayName" : "autorefreshfunction"
                  },
                  "Widgets" : [ ]
                }, {
                  "Properties" : {
                    "Area" : "UI",
                    "AutoEvaluate" : true,
                    "DisplayName" : "ResetDatePickers",
                    "Expression" : "result = AutoRefresh;",
                    "Height" : 28,
                    "Id" : "validator2-42",
                    "LastContainer" : false,
                    "Left" : null,
                    "Output" : true,
                    "ResponsiveLayout" : false,
                    "ShowDataLoading" : true,
                    "Top" : null,
                    "Type" : "validator2",
                    "Visible" : true,
                    "Width" : 200,
                    "Z-index" : 10,
                    "__TypeDisplayName" : "Validator",
                    "_currentParameterDefs" : [ {
                      "BaseType" : "BOOLEAN",
                      "DefaultValue" : false,
                      "Description" : "",
                      "ParameterName" : "AutoRefresh",
                      "bindingDirection" : "Target",
                      "bindingType" : "Property",
                      "isBindingSource" : false,
                      "isBindingTarget" : true,
                      "shown" : true
                    } ]
                  },
                  "Widgets" : [ ]
                } ]
              },
              "mashupType" : "mashup"
            }
            ]]>
            </mashupContent>
            <preview></preview>
        </Mashup>
    </Mashups>
</Entities>
