<?xml version="1.0" encoding="UTF-8"?>
<Entities
 majorVersion="9"
 minorVersion="3"
 universal="">
    <Mashups>
        <Mashup
         aspect.isFlex="true"
         aspect.isResponsive="true"
         aspect.mashupType="mashup"
         columns="0.0"
         description=""
         documentationContent=""
         homeMashup=""
         name="TWX.Metrices.UserStats_PP"
         projectName="TempTWXMetrices"
         rows="0.0"
         tags="">
            <avatar></avatar>
            <DesignTimePermissions>
                <Create></Create>
                <Read></Read>
                <Update></Update>
                <Delete></Delete>
                <Metadata></Metadata>
            </DesignTimePermissions>
            <RunTimePermissions></RunTimePermissions>
            <VisibilityPermissions>
                <Visibility></Visibility>
            </VisibilityPermissions>
            <ConfigurationTableDefinitions></ConfigurationTableDefinitions>
            <ConfigurationTables>
                <ConfigurationTable
                 dataShapeName=""
                 description="Mashup Mobile Settings"
                 isHidden="true"
                 isMultiRow="false"
                 name="MobileSettings"
                 ordinal="0">
                    <DataShape>
                        <FieldDefinitions>
                            <FieldDefinition
                             aspect.defaultValue="false"
                             aspect.friendlyName="Disable Zoom"
                             baseType="BOOLEAN"
                             description="Disables zooming in and out within the mashup"
                             name="disableZoom"
                             ordinal="0"></FieldDefinition>
                            <FieldDefinition
                             aspect.defaultValue="true"
                             aspect.friendlyName="Full Screen Mode"
                             baseType="BOOLEAN"
                             description="Open the mashup in full screen mode"
                             name="fullScreenMode"
                             ordinal="0"></FieldDefinition>
                            <FieldDefinition
                             aspect.friendlyName="Height"
                             baseType="STRING"
                             description="The height of the mashup page"
                             name="height"
                             ordinal="0"></FieldDefinition>
                            <FieldDefinition
                             aspect.defaultValue="device-height"
                             aspect.friendlyName="Height Type"
                             baseType="STRING"
                             description="Use the height of the device display, or a custom height (in px)"
                             name="heightType"
                             ordinal="0"></FieldDefinition>
                            <FieldDefinition
                             aspect.defaultValue="1.0"
                             aspect.friendlyName="Initial Scale"
                             baseType="NUMBER"
                             description="The initial zoom scale when the mashup is loaded for the first time"
                             name="initialScale"
                             ordinal="0"></FieldDefinition>
                            <FieldDefinition
                             aspect.friendlyName="Shortcut Icon Title"
                             baseType="STRING"
                             description="A title for the mashup shortcut on the iOS home screen"
                             name="iosShortcutIconTitle"
                             ordinal="0"></FieldDefinition>
                            <FieldDefinition
                             aspect.defaultValue="black-translucent"
                             aspect.friendlyName="Status Bar Appearance"
                             baseType="STRING"
                             description="The style of the iOS status bar"
                             name="iosStatusBarAppearance"
                             ordinal="0"></FieldDefinition>
                            <FieldDefinition
                             aspect.defaultValue="10.0"
                             aspect.friendlyName="Maximum Scale"
                             baseType="NUMBER"
                             description="The maximum scale that users can zoom out to"
                             name="maximumScale"
                             ordinal="0"></FieldDefinition>
                            <FieldDefinition
                             aspect.defaultValue="0.1"
                             aspect.friendlyName="Minimum Scale"
                             baseType="NUMBER"
                             description="The minimum scale that users can zoom out to"
                             name="minimumScale"
                             ordinal="0"></FieldDefinition>
                            <FieldDefinition
                             aspect.friendlyName="Width"
                             baseType="STRING"
                             description="The width of the mashup page"
                             name="width"
                             ordinal="0"></FieldDefinition>
                            <FieldDefinition
                             aspect.defaultValue="device-width"
                             aspect.friendlyName="Width Type"
                             baseType="STRING"
                             description="Use the width of the device display, or a custom width (in px)"
                             name="widthType"
                             ordinal="0"></FieldDefinition>
                        </FieldDefinitions>
                    </DataShape>
                    <Rows>
                        <Row>
                            <disableZoom>false</disableZoom>
                            <fullScreenMode>true</fullScreenMode>
                            <height>
                            <![CDATA[
                            device-height
                            ]]>
                            </height>
                            <heightType>
                            <![CDATA[
                            device-height
                            ]]>
                            </heightType>
                            <initialScale>1.0</initialScale>
                            <iosShortcutIconTitle></iosShortcutIconTitle>
                            <iosStatusBarAppearance>
                            <![CDATA[
                            black-translucent
                            ]]>
                            </iosStatusBarAppearance>
                            <maximumScale>10.0</maximumScale>
                            <minimumScale>0.1</minimumScale>
                            <width>
                            <![CDATA[
                            device-width
                            ]]>
                            </width>
                            <widthType>
                            <![CDATA[
                            device-width
                            ]]>
                            </widthType>
                        </Row>
                    </Rows>
                </ConfigurationTable>
            </ConfigurationTables>
            <ParameterDefinitions></ParameterDefinitions>
            <Things></Things>
            <ThingShapes></ThingShapes>
            <ThingTemplates></ThingTemplates>
            <mashupContent>
            <![CDATA[
            {
              "CustomMashupCss" : "",
              "Data" : {
                "Session" : {
                  "DataName" : "Session",
                  "EntityName" : "",
                  "EntityType" : "Session",
                  "Id" : "session",
                  "Services" : [ {
                    "APIMethod" : "post",
                    "Characteristic" : "Services",
                    "Id" : "SessionInterface",
                    "Name" : "GetGlobalSessionValues",
                    "Parameters" : { },
                    "RefreshInterval" : 0,
                    "Target" : "GetGlobalSessionValues"
                  } ]
                },
                "Things_TWX.Metrices.UserStatsHelper_Thing" : {
                  "DataName" : "Things_TWX.Metrices.UserStatsHelper_Thing",
                  "EntityName" : "TWX.Metrices.UserStatsHelper_Thing",
                  "EntityType" : "Things",
                  "Id" : "bd71456f-5f91-41a1-bbf9-5892f153b5af",
                  "RefreshInterval" : 0,
                  "Services" : [ {
                    "APIMethod" : "post",
                    "Characteristic" : "Services",
                    "Id" : "af8a4d1f-4f5e-4d85-9c38-022f5609c77d",
                    "Name" : "GetActiveUserAndSessionHistory",
                    "Parameters" : { },
                    "RefreshInterval" : 0,
                    "Target" : "GetActiveUserAndSessionHistory"
                  } ]
                },
                "UserExtensions" : {
                  "DataName" : "UserExtensions",
                  "EntityName" : "",
                  "EntityType" : "UserExtensions",
                  "Id" : "UserExtensions",
                  "Services" : [ {
                    "APIMethod" : "post",
                    "Characteristic" : "Services",
                    "Id" : "UserExtensionInterface",
                    "Name" : "GetCurrentUserExtensionProperties",
                    "Parameters" : { },
                    "RefreshInterval" : 0,
                    "Target" : "GetCurrentUserExtensionProperties"
                  } ]
                }
              },
              "DataBindings" : [ {
                "Id" : "f370cc78-9697-4003-a37d-c167a1170200",
                "PropertyMaps" : [ {
                  "SourceProperty" : "",
                  "SourcePropertyBaseType" : "INFOTABLE",
                  "SourcePropertyType" : "InfoTable",
                  "TargetProperty" : "Data",
                  "TargetPropertyBaseType" : "INFOTABLE",
                  "TargetPropertyType" : "property"
                } ],
                "SourceArea" : "Data",
                "SourceDetails" : "AllData",
                "SourceId" : "GetActiveUserAndSessionHistory",
                "SourceName" : "GetActiveUserAndSessionHistory",
                "SourceSection" : "Things_TWX.Metrices.UserStatsHelper_Thing",
                "TargetArea" : "UI",
                "TargetId" : "ptcschartline-43",
                "TargetSection" : ""
              }, {
                "Id" : "f5f61bec-3eaf-4e30-82fa-685c67c84c5c",
                "PropertyMaps" : [ {
                  "SourceProperty" : "DateTime",
                  "SourcePropertyBaseType" : "DATETIME",
                  "SourcePropertyType" : "property",
                  "TargetProperty" : "StartDate",
                  "TargetPropertyBaseType" : "DATETIME",
                  "TargetPropertyType" : "Parameter"
                } ],
                "SourceArea" : "UI",
                "SourceId" : "ptcsdatepicker-40",
                "SourceSection" : "",
                "TargetArea" : "Data",
                "TargetId" : "GetActiveUserAndSessionHistory",
                "TargetSection" : "Things_TWX.Metrices.UserStatsHelper_Thing"
              }, {
                "Id" : "271885bc-3bf1-4512-9d2d-721fb076ab49",
                "PropertyMaps" : [ {
                  "SourceProperty" : "DateTime",
                  "SourcePropertyBaseType" : "DATETIME",
                  "SourcePropertyType" : "property",
                  "TargetProperty" : "EndDate",
                  "TargetPropertyBaseType" : "DATETIME",
                  "TargetPropertyType" : "Parameter"
                } ],
                "SourceArea" : "UI",
                "SourceId" : "ptcsdatepicker-41",
                "SourceSection" : "",
                "TargetArea" : "Data",
                "TargetId" : "GetActiveUserAndSessionHistory",
                "TargetSection" : "Things_TWX.Metrices.UserStatsHelper_Thing"
              } ],
              "DesignTimePermissions" : { },
              "Events" : [ {
                "EventHandlerArea" : "Mashup",
                "EventHandlerId" : "mashup-root",
                "EventHandlerService" : "CloseIfPopup",
                "EventTriggerArea" : "UI",
                "EventTriggerEvent" : "Clicked",
                "EventTriggerId" : "ptcsbutton-36",
                "EventTriggerSection" : "",
                "Id" : "f571153c-247a-4ff5-8393-ddaa700f853b"
              }, {
                "EventHandlerArea" : "Data",
                "EventHandlerId" : "Things_TWX.Metrices.UserStatsHelper_Thing",
                "EventHandlerService" : "GetActiveUserAndSessionHistory",
                "EventTriggerArea" : "Mashup",
                "EventTriggerEvent" : "Loaded",
                "EventTriggerId" : "mashup-root",
                "EventTriggerSection" : "",
                "Id" : "a0361963-c5cb-40a0-a96b-6f630dee791f"
              }, {
                "EventHandlerArea" : "Data",
                "EventHandlerId" : "Things_TWX.Metrices.UserStatsHelper_Thing",
                "EventHandlerService" : "GetActiveUserAndSessionHistory",
                "EventTriggerArea" : "UI",
                "EventTriggerEvent" : "Clicked",
                "EventTriggerId" : "ptcsbutton-32",
                "EventTriggerSection" : "",
                "Id" : "cefa8006-a0d8-402b-8390-655afd059083"
              } ],
              "Reminders" : [ ],
              "RunTimePermissions" : { },
              "UI" : {
                "Properties" : {
                  "AddToDashboardButton" : "SimplePlus",
                  "AddToDashboardButtonStyle" : "DefaultAddToDashboardButtonStyle",
                  "Area" : "Mashup",
                  "BGImage" : "",
                  "BGImageRepeat" : "no-repeat",
                  "BGImageSize" : "auto",
                  "Columns" : 0,
                  "ConfigureGadgetButton" : "SimpleGear",
                  "ConfigureGadgetButtonStyle" : "DefaultConfigureGadgetButtonStyle",
                  "DisplayName" : "Mashup",
                  "EnableParameterEditing" : false,
                  "Height" : 618,
                  "Id" : "mashup-root",
                  "IgnoreWarningsInViewMashup" : false,
                  "IsPrintLayout" : false,
                  "Left" : 0,
                  "MashupToEditGadget" : "DefaultMashupToEditGadget",
                  "MinHeight" : 0,
                  "MinWidth" : 0,
                  "ResponsiveLayout" : true,
                  "Rows" : 0,
                  "ShowDataLoading" : true,
                  "Style" : "DefaultMashupStyle",
                  "StyleProperties" : {
                    "data" : {
                      "flexcontainer-27" : {
                        "parts" : {
                          "$" : {
                            "$" : {
                              "background" : "rgba(192,192,192,1)"
                            }
                          }
                        },
                        "widget" : "flex-container"
                      },
                      "ptcsbutton-36" : {
                        "parts" : {
                          "$" : {
                            "$" : {
                              "border-width" : "1px",
                              "min-height" : "20px",
                              "min-width" : "20px"
                            }
                          }
                        },
                        "widget" : "ptcs-button"
                      },
                      "ptcslabel-22" : {
                        "parts" : {
                          "$" : {
                            "$" : {
                              "font-size" : "24px"
                            }
                          }
                        },
                        "widget" : "ptcs-label"
                      }
                    },
                    "meta" : {
                      "type" : "WidgetStyler",
                      "version" : "1.0"
                    }
                  },
                  "StyleTheme" : "PTC Convergence Theme",
                  "Title" : "",
                  "TitleBar" : false,
                  "TitleBarStyle" : "DefaultTitleBarStyle",
                  "TitleBarText" : "Gadget Title Here",
                  "Top" : 0,
                  "Type" : "mashup",
                  "UseMasterTheme" : false,
                  "UseTheme" : false,
                  "UseThemeForHybrids" : false,
                  "Visible" : true,
                  "Width" : 1024,
                  "Z-index" : 10,
                  "__TypeDisplayName" : "Mashup",
                  "id_index" : 43,
                  "secureExpressionsOnly" : true,
                  "supportsAutoResize" : true
                },
                "Widgets" : [ {
                  "Properties" : {
                    "Area" : "UI",
                    "DisplayName" : "container-2",
                    "EnableContainerUnload" : false,
                    "EnableExpandCollapse" : false,
                    "ExpandCollapseTabLocation" : "inside",
                    "Expanded" : true,
                    "Id" : "flexcontainer-2",
                    "LastContainer" : true,
                    "LazyLoading" : false,
                    "Overlay" : false,
                    "ResponsiveLayout" : true,
                    "Scrolling" : "auto-scroll",
                    "ShowDataLoading" : true,
                    "ShowExpandCollapseTab" : false,
                    "SourceURL" : "",
                    "Style" : "DefaultContainerStyle",
                    "StyleProperties" : { },
                    "Type" : "flexcontainer",
                    "UseTheme" : true,
                    "Visible" : true,
                    "Z-index" : 10,
                    "__TypeDisplayName" : "Responsive Container",
                    "align-content" : "flex-start",
                    "align-items" : "flex-start",
                    "flex-basis" : "auto",
                    "flex-direction" : "row",
                    "flex-grow" : 1,
                    "flex-max-height" : "",
                    "flex-max-width" : "",
                    "flex-min-height" : "",
                    "flex-min-width" : "",
                    "flex-shrink" : 1,
                    "flex-size" : "default",
                    "flex-wrap" : "nowrap",
                    "iconClass" : "widgets-flexcontainer",
                    "isLocked" : false,
                    "justify-content" : "flex-start",
                    "positioning" : "responsive",
                    "userCannotRemove" : true
                  },
                  "Widgets" : [ {
                    "Properties" : {
                      "Area" : "UI",
                      "DisplayName" : "container-6",
                      "EnableContainerUnload" : false,
                      "EnableExpandCollapse" : false,
                      "ExpandCollapseTabLocation" : "inside",
                      "Expanded" : true,
                      "Id" : "flexcontainer-6",
                      "LastContainer" : false,
                      "LazyLoading" : false,
                      "Overlay" : false,
                      "ResponsiveLayout" : false,
                      "ShowDataLoading" : true,
                      "ShowExpandCollapseTab" : false,
                      "SourceURL" : "",
                      "Style" : "DefaultContainerStyle",
                      "StyleProperties" : { },
                      "Type" : "flexcontainer",
                      "UseTheme" : true,
                      "Visible" : true,
                      "Z-index" : 10,
                      "__TypeDisplayName" : "Responsive Container",
                      "align-content" : "flex-start",
                      "align-items" : "flex-start",
                      "flex-basis" : "auto",
                      "flex-direction" : "row",
                      "flex-grow" : 1,
                      "flex-max-height" : "",
                      "flex-max-width" : "30px",
                      "flex-min-height" : "",
                      "flex-min-width" : "30px",
                      "flex-shrink" : 1,
                      "flex-size" : "fixed",
                      "flex-wrap" : "nowrap",
                      "iconClass" : "widgets-flexcontainer-fixed",
                      "isLocked" : false,
                      "justify-content" : "flex-start",
                      "positioning" : "responsive",
                      "userCannotRemove" : false
                    },
                    "Widgets" : [ ]
                  }, {
                    "Properties" : {
                      "Area" : "UI",
                      "DisplayName" : "container-5",
                      "EnableContainerUnload" : false,
                      "EnableExpandCollapse" : false,
                      "ExpandCollapseTabLocation" : "inside",
                      "Expanded" : true,
                      "Id" : "flexcontainer-5",
                      "LastContainer" : true,
                      "LazyLoading" : false,
                      "Overlay" : false,
                      "ResponsiveLayout" : false,
                      "ShowDataLoading" : true,
                      "ShowExpandCollapseTab" : false,
                      "SourceURL" : "",
                      "Style" : "DefaultContainerStyle",
                      "StyleProperties" : { },
                      "Type" : "flexcontainer",
                      "UseTheme" : true,
                      "Visible" : true,
                      "Z-index" : 10,
                      "__TypeDisplayName" : "Responsive Container",
                      "align-content" : "flex-start",
                      "align-items" : "flex-start",
                      "flex-basis" : "auto",
                      "flex-direction" : "column",
                      "flex-grow" : 1,
                      "flex-max-height" : "",
                      "flex-max-width" : "",
                      "flex-min-height" : "",
                      "flex-min-width" : "",
                      "flex-shrink" : 1,
                      "flex-size" : "default",
                      "flex-wrap" : "nowrap",
                      "iconClass" : "widgets-flexcontainer",
                      "isLocked" : true,
                      "justify-content" : "flex-start",
                      "positioning" : "responsive",
                      "userCannotRemove" : false
                    },
                    "Widgets" : [ {
                      "Properties" : {
                        "Area" : "UI",
                        "DisplayName" : "container-9",
                        "EnableContainerUnload" : false,
                        "EnableExpandCollapse" : false,
                        "ExpandCollapseTabLocation" : "inside",
                        "Expanded" : true,
                        "Id" : "flexcontainer-9",
                        "LastContainer" : false,
                        "LazyLoading" : false,
                        "Overlay" : false,
                        "ResponsiveLayout" : false,
                        "ShowDataLoading" : true,
                        "ShowExpandCollapseTab" : false,
                        "SourceURL" : "",
                        "Style" : "DefaultContainerStyle",
                        "StyleProperties" : { },
                        "Type" : "flexcontainer",
                        "UseTheme" : true,
                        "Visible" : true,
                        "Z-index" : 10,
                        "__TypeDisplayName" : "Responsive Container",
                        "align-content" : "flex-start",
                        "align-items" : "flex-start",
                        "flex-basis" : "auto",
                        "flex-direction" : "row",
                        "flex-grow" : 1,
                        "flex-max-height" : "30px",
                        "flex-max-width" : "",
                        "flex-min-height" : "30px",
                        "flex-min-width" : "",
                        "flex-shrink" : 1,
                        "flex-size" : "fixed",
                        "flex-wrap" : "nowrap",
                        "iconClass" : "widgets-flexcontainer-fixed",
                        "isLocked" : false,
                        "justify-content" : "flex-start",
                        "positioning" : "responsive",
                        "userCannotRemove" : false
                      },
                      "Widgets" : [ ]
                    }, {
                      "Properties" : {
                        "Area" : "UI",
                        "DisplayName" : "container-11",
                        "EnableContainerUnload" : false,
                        "EnableExpandCollapse" : false,
                        "ExpandCollapseTabLocation" : "inside",
                        "Expanded" : true,
                        "Id" : "flexcontainer-11",
                        "LastContainer" : false,
                        "LazyLoading" : false,
                        "Overlay" : false,
                        "ResponsiveLayout" : false,
                        "ShowDataLoading" : true,
                        "ShowExpandCollapseTab" : false,
                        "SourceURL" : "",
                        "Style" : "DefaultContainerStyle",
                        "StyleProperties" : { },
                        "Type" : "flexcontainer",
                        "UseTheme" : true,
                        "Visible" : true,
                        "Z-index" : 10,
                        "__TypeDisplayName" : "Responsive Container",
                        "align-content" : "flex-start",
                        "align-items" : "center",
                        "flex-basis" : "auto",
                        "flex-direction" : "row",
                        "flex-grow" : 1,
                        "flex-max-height" : "50px",
                        "flex-max-width" : "",
                        "flex-min-height" : "50px",
                        "flex-min-width" : "",
                        "flex-shrink" : 1,
                        "flex-size" : "fixed",
                        "flex-wrap" : "nowrap",
                        "iconClass" : "widgets-flexcontainer-fixed",
                        "isLocked" : false,
                        "justify-content" : "flex-start",
                        "positioning" : "responsive",
                        "userCannotRemove" : false
                      },
                      "Widgets" : [ {
                        "Properties" : {
                          "Area" : "UI",
                          "DisclosureControl" : "show-more",
                          "DisplayName" : "ptcs-label-22",
                          "HorizontalAlignment" : "left",
                          "Id" : "ptcslabel-22",
                          "LabelText" : "Active Users/Sessions",
                          "LabelType" : "label",
                          "LastContainer" : false,
                          "Left" : 229.00390625,
                          "Margin" : "5",
                          "MultiLine" : true,
                          "PreserveWhiteSpace" : false,
                          "ResponsiveLayout" : false,
                          "ShowDataLoading" : true,
                          "Top" : 20.01953125,
                          "Type" : "ptcslabel",
                          "UseTheme" : true,
                          "VerticalAlignment" : "flex-start",
                          "Visible" : true,
                          "Z-index" : 10,
                          "__TypeDisplayName" : "Label",
                          "overflowShowLessTxt" : "[[showLess]]",
                          "overflowShowMoreTxt" : "[[showMore]]"
                        },
                        "Widgets" : [ ]
                      } ]
                    }, {
                      "Properties" : {
                        "Area" : "UI",
                        "DisplayName" : "container-37",
                        "EnableContainerUnload" : false,
                        "EnableExpandCollapse" : false,
                        "ExpandCollapseTabLocation" : "inside",
                        "Expanded" : true,
                        "Id" : "flexcontainer-37",
                        "LastContainer" : false,
                        "LazyLoading" : false,
                        "Overlay" : false,
                        "ResponsiveLayout" : true,
                        "ShowDataLoading" : true,
                        "ShowExpandCollapseTab" : false,
                        "SourceURL" : "",
                        "Style" : "DefaultContainerStyle",
                        "StyleProperties" : { },
                        "Type" : "flexcontainer",
                        "UseTheme" : true,
                        "Visible" : true,
                        "Z-index" : 10,
                        "__TypeDisplayName" : "Responsive Container",
                        "align-content" : "flex-start",
                        "align-items" : "flex-start",
                        "flex-basis" : "auto",
                        "flex-direction" : "row",
                        "flex-grow" : 1,
                        "flex-max-height" : "11px",
                        "flex-max-width" : "",
                        "flex-min-height" : "11px",
                        "flex-min-width" : "",
                        "flex-shrink" : 1,
                        "flex-size" : "fixed",
                        "flex-wrap" : "nowrap",
                        "iconClass" : "widgets-flexcontainer-fixed",
                        "isLocked" : false,
                        "justify-content" : "flex-start",
                        "positioning" : "responsive",
                        "userCannotRemove" : false
                      },
                      "Widgets" : [ ]
                    }, {
                      "Properties" : {
                        "Area" : "UI",
                        "DisplayName" : "container-12",
                        "EnableContainerUnload" : false,
                        "EnableExpandCollapse" : false,
                        "ExpandCollapseTabLocation" : "inside",
                        "Expanded" : true,
                        "Id" : "flexcontainer-12",
                        "LastContainer" : false,
                        "LazyLoading" : false,
                        "Overlay" : false,
                        "ResponsiveLayout" : true,
                        "ShowDataLoading" : true,
                        "ShowExpandCollapseTab" : false,
                        "SourceURL" : "",
                        "Style" : "DefaultContainerStyle",
                        "StyleProperties" : { },
                        "Type" : "flexcontainer",
                        "UseTheme" : true,
                        "Visible" : true,
                        "Z-index" : 10,
                        "__TypeDisplayName" : "Responsive Container",
                        "align-content" : "flex-start",
                        "align-items" : "flex-start",
                        "flex-basis" : "auto",
                        "flex-direction" : "row",
                        "flex-grow" : 1,
                        "flex-max-height" : "46px",
                        "flex-max-width" : "",
                        "flex-min-height" : "46px",
                        "flex-min-width" : "",
                        "flex-shrink" : 1,
                        "flex-size" : "fixed",
                        "flex-wrap" : "nowrap",
                        "iconClass" : "widgets-flexcontainer-fixed",
                        "isLocked" : false,
                        "justify-content" : "flex-start",
                        "positioning" : "responsive",
                        "userCannotRemove" : false
                      },
                      "Widgets" : [ {
                        "Properties" : {
                          "Area" : "UI",
                          "DisplayName" : "container-16",
                          "EnableContainerUnload" : false,
                          "EnableExpandCollapse" : false,
                          "ExpandCollapseTabLocation" : "inside",
                          "Expanded" : true,
                          "Id" : "flexcontainer-16",
                          "LastContainer" : true,
                          "LazyLoading" : false,
                          "Overlay" : false,
                          "ResponsiveLayout" : false,
                          "ShowDataLoading" : true,
                          "ShowExpandCollapseTab" : false,
                          "SourceURL" : "",
                          "Style" : "DefaultContainerStyle",
                          "StyleProperties" : { },
                          "Type" : "flexcontainer",
                          "UseTheme" : true,
                          "Visible" : true,
                          "Z-index" : 10,
                          "__TypeDisplayName" : "Responsive Container",
                          "align-content" : "flex-start",
                          "align-items" : "center",
                          "flex-basis" : "auto",
                          "flex-direction" : "row",
                          "flex-grow" : 1,
                          "flex-max-height" : "",
                          "flex-max-width" : "",
                          "flex-min-height" : "",
                          "flex-min-width" : "",
                          "flex-shrink" : 1,
                          "flex-size" : "default",
                          "flex-wrap" : "nowrap",
                          "iconClass" : "widgets-flexcontainer",
                          "isLocked" : true,
                          "justify-content" : "flex-start",
                          "positioning" : "responsive",
                          "userCannotRemove" : false
                        },
                        "Widgets" : [ {
                          "Properties" : {
                            "Area" : "UI",
                            "CurrentDateButton" : true,
                            "DateDelimiter" : "-",
                            "DateOnly" : false,
                            "DateOrder" : "DMY",
                            "DateRange" : false,
                            "Disabled" : false,
                            "DisplayName" : "ptcs-datepicker-40",
                            "DisplaySeconds" : false,
                            "DoneLabel" : "[[datepickerCloseText]]",
                            "EndDateLabel" : "[[endRangeDate]]",
                            "HintText" : "Start date",
                            "HoursLabel" : "[[hours]]",
                            "Id" : "ptcsdatepicker-40",
                            "InitializeWithCurrentDateTime" : true,
                            "Interval" : -24,
                            "IntervalType" : "h",
                            "InvalidDateRangeMessage" : "[[invalidDateRangeMessage]]",
                            "Label" : "",
                            "LabelAlignment" : "left",
                            "LastContainer" : false,
                            "Left" : 557.01171875,
                            "Margin" : "5",
                            "MinutesLabel" : "[[minutes]]",
                            "MonthFormat" : "full",
                            "PrimaryActionPosition" : "left",
                            "RangeHintText" : "[[selectDate]]",
                            "ResponsiveLayout" : false,
                            "SecondsLabel" : "[[seconds]]",
                            "ShowDataLoading" : true,
                            "StartDateLabel" : "[[startRangeDate]]",
                            "TabSequence" : 0,
                            "TodayLabel" : "[[datepickerCurrentText]]",
                            "Top" : 25.01953125,
                            "Type" : "ptcsdatepicker",
                            "UseTheme" : true,
                            "Visible" : true,
                            "WeeklyCalendarStart" : "monday",
                            "Width" : 225,
                            "YearRange" : 10,
                            "Z-index" : 10,
                            "__TypeDisplayName" : "Date Time Picker"
                          },
                          "Widgets" : [ ]
                        }, {
                          "Properties" : {
                            "Area" : "UI",
                            "CurrentDateButton" : true,
                            "DateDelimiter" : "-",
                            "DateOnly" : false,
                            "DateOrder" : "DMY",
                            "DateRange" : false,
                            "Disabled" : false,
                            "DisplayName" : "ptcs-datepicker-41",
                            "DisplaySeconds" : false,
                            "DoneLabel" : "[[datepickerCloseText]]",
                            "EndDateLabel" : "[[endRangeDate]]",
                            "HintText" : "End date",
                            "HoursLabel" : "[[hours]]",
                            "Id" : "ptcsdatepicker-41",
                            "InitializeWithCurrentDateTime" : true,
                            "Interval" : 0,
                            "IntervalType" : "h",
                            "InvalidDateRangeMessage" : "[[invalidDateRangeMessage]]",
                            "Label" : "",
                            "LabelAlignment" : "left",
                            "LastContainer" : false,
                            "Left" : 557.01171875,
                            "Margin" : "5",
                            "MinutesLabel" : "[[minutes]]",
                            "MonthFormat" : "full",
                            "PrimaryActionPosition" : "left",
                            "RangeHintText" : "[[selectDate]]",
                            "ResponsiveLayout" : false,
                            "SecondsLabel" : "[[seconds]]",
                            "ShowDataLoading" : true,
                            "StartDateLabel" : "[[startRangeDate]]",
                            "TabSequence" : 0,
                            "TodayLabel" : "[[datepickerCurrentText]]",
                            "Top" : 25.01953125,
                            "Type" : "ptcsdatepicker",
                            "UseTheme" : true,
                            "Visible" : true,
                            "WeeklyCalendarStart" : "monday",
                            "Width" : 225,
                            "YearRange" : 10,
                            "Z-index" : 10,
                            "__TypeDisplayName" : "Date Time Picker"
                          },
                          "Widgets" : [ ]
                        }, {
                          "Properties" : {
                            "Area" : "UI",
                            "ButtonType" : "primary",
                            "ContextID" : "",
                            "Disabled" : false,
                            "DisplayName" : "ptcs-button-32",
                            "Height" : 34,
                            "Icon" : "/Thingworx/MediaEntities/TWX.Metrices.SearchIcon_ME",
                            "Id" : "ptcsbutton-32",
                            "Label" : null,
                            "LabelAlignment" : "center",
                            "LastContainer" : false,
                            "Left" : 364.00390625,
                            "Margin" : "5",
                            "MultiLine" : false,
                            "ResponsiveLayout" : false,
                            "ShowDataLoading" : true,
                            "TabSequence" : 0,
                            "Top" : 15.01953125,
                            "Type" : "ptcsbutton",
                            "UseTheme" : true,
                            "Visible" : true,
                            "Z-index" : 10,
                            "__TypeDisplayName" : "Button"
                          },
                          "Widgets" : [ ]
                        } ]
                      }, {
                        "Properties" : {
                          "Area" : "UI",
                          "DisplayName" : "container-17",
                          "EnableContainerUnload" : false,
                          "EnableExpandCollapse" : false,
                          "ExpandCollapseTabLocation" : "inside",
                          "Expanded" : true,
                          "Id" : "flexcontainer-17",
                          "LastContainer" : false,
                          "LazyLoading" : false,
                          "Overlay" : false,
                          "ResponsiveLayout" : true,
                          "ShowDataLoading" : true,
                          "ShowExpandCollapseTab" : false,
                          "SourceURL" : "",
                          "Style" : "DefaultContainerStyle",
                          "StyleProperties" : { },
                          "Type" : "flexcontainer",
                          "UseTheme" : true,
                          "Visible" : true,
                          "Z-index" : 10,
                          "__TypeDisplayName" : "Responsive Container",
                          "align-content" : "flex-start",
                          "align-items" : "center",
                          "flex-basis" : "auto",
                          "flex-direction" : "row",
                          "flex-grow" : 1,
                          "flex-max-height" : "",
                          "flex-max-width" : "200px",
                          "flex-min-height" : "",
                          "flex-min-width" : "200px",
                          "flex-shrink" : 1,
                          "flex-size" : "fixed",
                          "flex-wrap" : "nowrap",
                          "iconClass" : "widgets-flexcontainer-fixed",
                          "isLocked" : false,
                          "justify-content" : "flex-end",
                          "positioning" : "responsive",
                          "userCannotRemove" : false
                        },
                        "Widgets" : [ ]
                      } ]
                    }, {
                      "Properties" : {
                        "Area" : "UI",
                        "DisplayName" : "container-15",
                        "EnableContainerUnload" : false,
                        "EnableExpandCollapse" : false,
                        "ExpandCollapseTabLocation" : "inside",
                        "Expanded" : true,
                        "Id" : "flexcontainer-15",
                        "LastContainer" : false,
                        "LazyLoading" : false,
                        "Overlay" : false,
                        "ResponsiveLayout" : true,
                        "ShowDataLoading" : true,
                        "ShowExpandCollapseTab" : false,
                        "SourceURL" : "",
                        "Style" : "DefaultContainerStyle",
                        "StyleProperties" : { },
                        "Type" : "flexcontainer",
                        "UseTheme" : true,
                        "Visible" : true,
                        "Z-index" : 10,
                        "__TypeDisplayName" : "Responsive Container",
                        "align-content" : "flex-start",
                        "align-items" : "flex-start",
                        "flex-basis" : "auto",
                        "flex-direction" : "row",
                        "flex-grow" : 1,
                        "flex-max-height" : "16px",
                        "flex-max-width" : "",
                        "flex-min-height" : "16px",
                        "flex-min-width" : "",
                        "flex-shrink" : 1,
                        "flex-size" : "fixed",
                        "flex-wrap" : "nowrap",
                        "iconClass" : "widgets-flexcontainer-fixed",
                        "isLocked" : false,
                        "justify-content" : "flex-start",
                        "positioning" : "responsive",
                        "userCannotRemove" : false
                      },
                      "Widgets" : [ ]
                    }, {
                      "Properties" : {
                        "Area" : "UI",
                        "DisplayName" : "container-8",
                        "EnableContainerUnload" : false,
                        "EnableExpandCollapse" : false,
                        "ExpandCollapseTabLocation" : "inside",
                        "Expanded" : true,
                        "Id" : "flexcontainer-8",
                        "LastContainer" : true,
                        "LazyLoading" : false,
                        "Overlay" : false,
                        "ResponsiveLayout" : false,
                        "Scrolling" : "auto-scroll",
                        "ShowDataLoading" : true,
                        "ShowExpandCollapseTab" : false,
                        "SourceURL" : "",
                        "Style" : "DefaultContainerStyle",
                        "StyleProperties" : { },
                        "Type" : "flexcontainer",
                        "UseTheme" : true,
                        "Visible" : true,
                        "Z-index" : 10,
                        "__TypeDisplayName" : "Responsive Container",
                        "align-content" : "flex-start",
                        "align-items" : "flex-start",
                        "flex-basis" : "auto",
                        "flex-direction" : "row",
                        "flex-grow" : 1,
                        "flex-max-height" : "",
                        "flex-max-width" : "",
                        "flex-min-height" : "",
                        "flex-min-width" : "",
                        "flex-shrink" : 1,
                        "flex-size" : "default",
                        "flex-wrap" : "nowrap",
                        "iconClass" : "widgets-flexcontainer",
                        "isLocked" : true,
                        "justify-content" : "flex-start",
                        "positioning" : "responsive",
                        "userCannotRemove" : false
                      },
                      "Widgets" : [ {
                        "Properties" : {
                          "Area" : "UI",
                          "ChartType" : "runchart",
                          "CurveFitting" : "monotone-x",
                          "DataLabel1" : "",
                          "DataLabel10" : "",
                          "DataLabel11" : "",
                          "DataLabel12" : "",
                          "DataLabel13" : "",
                          "DataLabel14" : "",
                          "DataLabel15" : "",
                          "DataLabel16" : "",
                          "DataLabel17" : "",
                          "DataLabel18" : "",
                          "DataLabel19" : "",
                          "DataLabel2" : "",
                          "DataLabel20" : "",
                          "DataLabel21" : "",
                          "DataLabel22" : "",
                          "DataLabel23" : "",
                          "DataLabel24" : "",
                          "DataLabel3" : "",
                          "DataLabel4" : "",
                          "DataLabel5" : "",
                          "DataLabel6" : "",
                          "DataLabel7" : "",
                          "DataLabel8" : "",
                          "DataLabel9" : "",
                          "DataPointSelection" : "auto",
                          "DataSeriesStyle10_StateParameters" : [ ],
                          "DataSeriesStyle11_StateParameters" : [ ],
                          "DataSeriesStyle12_StateParameters" : [ ],
                          "DataSeriesStyle13_StateParameters" : [ ],
                          "DataSeriesStyle14_StateParameters" : [ ],
                          "DataSeriesStyle15_StateParameters" : [ ],
                          "DataSeriesStyle16_StateParameters" : [ ],
                          "DataSeriesStyle17_StateParameters" : [ ],
                          "DataSeriesStyle18_StateParameters" : [ ],
                          "DataSeriesStyle19_StateParameters" : [ ],
                          "DataSeriesStyle1_StateParameters" : [ ],
                          "DataSeriesStyle20_StateParameters" : [ ],
                          "DataSeriesStyle21_StateParameters" : [ ],
                          "DataSeriesStyle22_StateParameters" : [ ],
                          "DataSeriesStyle23_StateParameters" : [ ],
                          "DataSeriesStyle24_StateParameters" : [ ],
                          "DataSeriesStyle2_StateParameters" : [ ],
                          "DataSeriesStyle3_StateParameters" : [ ],
                          "DataSeriesStyle4_StateParameters" : [ ],
                          "DataSeriesStyle5_StateParameters" : [ ],
                          "DataSeriesStyle6_StateParameters" : [ ],
                          "DataSeriesStyle7_StateParameters" : [ ],
                          "DataSeriesStyle8_StateParameters" : [ ],
                          "DataSeriesStyle9_StateParameters" : [ ],
                          "DataSeriesStyle_StateParameters" : [ ],
                          "DateRangeHintText" : "[[selectDateAndTime]]",
                          "DirectSelectionZoom" : "none",
                          "Disabled" : false,
                          "DisplayName" : "ptcs-chartline-43",
                          "DragSelectionZoom" : "none",
                          "Height" : 476,
                          "HideLegend" : false,
                          "HideLines" : false,
                          "HideMarkers" : true,
                          "HideNotes" : false,
                          "HideValues" : true,
                          "HideXAxis" : false,
                          "HideYAxis" : false,
                          "HorizontalAxisMaxHeight" : 85,
                          "HorizontalEndZoomLabel" : "",
                          "HorizontalIntervalAnchorPoint" : "start",
                          "HorizontalIntervalAnchorPointLabel" : "",
                          "HorizontalIntervalControl" : "none",
                          "HorizontalIntervalControlLabel" : "",
                          "HorizontalRangeZoom" : false,
                          "HorizontalSliderZoom" : false,
                          "HorizontalSliderZoomMaxLabel" : "",
                          "HorizontalSliderZoomMinLabel" : "",
                          "HorizontalStartZoomLabel" : "",
                          "HorizontalZoom" : false,
                          "Id" : "ptcschartline-43",
                          "Label" : null,
                          "LabelAlignment" : "left",
                          "LabelPosition" : "top",
                          "LabelReset" : "Reset",
                          "LabelType" : "sub-header",
                          "LastContainer" : false,
                          "Left" : 192.01171875,
                          "LegendAlignment" : "center",
                          "LegendFilter" : false,
                          "LegendMarkerShapes" : "square",
                          "LegendMaxWidth" : 736,
                          "LegendPosition" : "bottom",
                          "MarkerShape" : "circle",
                          "MarkerSize" : 8,
                          "MultipleDataSources" : false,
                          "Notes" : "",
                          "NotesAlignment" : "left",
                          "NotesPosition" : "bottom",
                          "NumberOfReferenceLines" : 0,
                          "PointerType" : "auto",
                          "ReferenceLine10Axis" : "xaxis",
                          "ReferenceLine10Value" : "",
                          "ReferenceLine11Axis" : "xaxis",
                          "ReferenceLine11Value" : "",
                          "ReferenceLine12Axis" : "xaxis",
                          "ReferenceLine12Value" : "",
                          "ReferenceLine13Axis" : "xaxis",
                          "ReferenceLine13Value" : "",
                          "ReferenceLine14Axis" : "xaxis",
                          "ReferenceLine14Value" : "",
                          "ReferenceLine15Axis" : "xaxis",
                          "ReferenceLine15Value" : "",
                          "ReferenceLine16Axis" : "xaxis",
                          "ReferenceLine16Value" : "",
                          "ReferenceLine17Axis" : "xaxis",
                          "ReferenceLine17Value" : "",
                          "ReferenceLine18Axis" : "xaxis",
                          "ReferenceLine18Value" : "",
                          "ReferenceLine19Axis" : "xaxis",
                          "ReferenceLine19Value" : "",
                          "ReferenceLine1Axis" : "xaxis",
                          "ReferenceLine1Value" : "",
                          "ReferenceLine20Axis" : "xaxis",
                          "ReferenceLine20Value" : "",
                          "ReferenceLine21Axis" : "xaxis",
                          "ReferenceLine21Value" : "",
                          "ReferenceLine22Axis" : "xaxis",
                          "ReferenceLine22Value" : "",
                          "ReferenceLine23Axis" : "xaxis",
                          "ReferenceLine23Value" : "",
                          "ReferenceLine24Axis" : "xaxis",
                          "ReferenceLine24Value" : "",
                          "ReferenceLine2Axis" : "xaxis",
                          "ReferenceLine2Value" : "",
                          "ReferenceLine3Axis" : "xaxis",
                          "ReferenceLine3Value" : "",
                          "ReferenceLine4Axis" : "xaxis",
                          "ReferenceLine4Value" : "",
                          "ReferenceLine5Axis" : "xaxis",
                          "ReferenceLine5Value" : "",
                          "ReferenceLine6Axis" : "xaxis",
                          "ReferenceLine6Value" : "",
                          "ReferenceLine7Axis" : "xaxis",
                          "ReferenceLine7Value" : "",
                          "ReferenceLine8Axis" : "xaxis",
                          "ReferenceLine8Value" : "",
                          "ReferenceLine9Axis" : "xaxis",
                          "ReferenceLine9Value" : "",
                          "ResponsiveLayout" : true,
                          "ReverseSecondYAxis" : false,
                          "ReverseXAxis" : false,
                          "ReverseYAxis" : false,
                          "RulersInFront" : false,
                          "SecondYAxis" : false,
                          "SecondYAxisFormat" : "0000.0",
                          "SecondYAxisLabel" : "[[SecondYAxis]]",
                          "SecondYAxisLabelAlignment" : "center",
                          "SecondYAxisType" : "number",
                          "SelectionMode" : "none",
                          "SeriesStacking" : "none",
                          "ShowArea" : false,
                          "ShowDataLoading" : true,
                          "ShowHideLegend" : false,
                          "ShowHorizontalAnchorPointControl" : false,
                          "ShowXAxisRuler" : false,
                          "ShowYAxisRuler" : false,
                          "ShowZeroValueRuler" : true,
                          "SparkView" : false,
                          "StackOrder" : "insideout",
                          "StepPosition" : "after",
                          "StringClearAll" : "[[clearAll]]",
                          "StringEnd" : "[[endRange]]",
                          "StringHideLegend" : "[[hideLegend]]",
                          "StringSelectAll" : "[[selectAll]]",
                          "StringShowLegend" : "[[showLegend]]",
                          "StringStart" : "[[startRange]]",
                          "TabSequence" : 0,
                          "Top" : 90.01953125,
                          "Type" : "ptcschartline",
                          "UseSampleDataInRuntime" : false,
                          "UseSecondYAxis1" : false,
                          "UseSecondYAxis10" : false,
                          "UseSecondYAxis11" : false,
                          "UseSecondYAxis12" : false,
                          "UseSecondYAxis13" : false,
                          "UseSecondYAxis14" : false,
                          "UseSecondYAxis15" : false,
                          "UseSecondYAxis16" : false,
                          "UseSecondYAxis17" : false,
                          "UseSecondYAxis18" : false,
                          "UseSecondYAxis19" : false,
                          "UseSecondYAxis2" : false,
                          "UseSecondYAxis20" : false,
                          "UseSecondYAxis21" : false,
                          "UseSecondYAxis22" : false,
                          "UseSecondYAxis23" : false,
                          "UseSecondYAxis24" : false,
                          "UseSecondYAxis3" : false,
                          "UseSecondYAxis4" : false,
                          "UseSecondYAxis5" : false,
                          "UseSecondYAxis6" : false,
                          "UseSecondYAxis7" : false,
                          "UseSecondYAxis8" : false,
                          "UseSecondYAxis9" : false,
                          "UseTheme" : true,
                          "ValuesPosition" : "above",
                          "ValuesTooltip" : "[[LineChartDefaultTooltip]]",
                          "VerticalAxisMaxWidth" : 85,
                          "VerticalSliderZoom" : false,
                          "VerticalSliderZoomMaxLabel" : "",
                          "VerticalSliderZoomMinLabel" : "",
                          "VerticalZoom" : false,
                          "Visible" : true,
                          "Width" : 471,
                          "XAxisDateFormatToken" : "",
                          "XAxisField" : "timestamp",
                          "XAxisFormat" : "0000.0",
                          "XAxisLabel" : null,
                          "XAxisLabelAlignment" : "start",
                          "XAxisMaximumValues" : "",
                          "XAxisMinimumValues" : "auto",
                          "XAxisType" : "date",
                          "YAxisDateFormatToken" : "",
                          "YAxisFormat" : "0000.0",
                          "YAxisLabel" : null,
                          "YAxisLabelAlignment" : "center",
                          "YAxisMinimumValues" : 0,
                          "YAxisRulerAlignment" : "primary",
                          "YAxisType" : "number",
                          "Z-index" : 10,
                          "__TypeDisplayName" : "Line Chart"
                        },
                        "Widgets" : [ ]
                      } ]
                    }, {
                      "Properties" : {
                        "Area" : "UI",
                        "DisplayName" : "container-10",
                        "EnableContainerUnload" : false,
                        "EnableExpandCollapse" : false,
                        "ExpandCollapseTabLocation" : "inside",
                        "Expanded" : true,
                        "Id" : "flexcontainer-10",
                        "LastContainer" : false,
                        "LazyLoading" : false,
                        "Overlay" : false,
                        "ResponsiveLayout" : true,
                        "ShowDataLoading" : true,
                        "ShowExpandCollapseTab" : false,
                        "SourceURL" : "",
                        "Style" : "DefaultContainerStyle",
                        "StyleProperties" : { },
                        "Type" : "flexcontainer",
                        "UseTheme" : true,
                        "Visible" : true,
                        "Z-index" : 10,
                        "__TypeDisplayName" : "Responsive Container",
                        "align-content" : "flex-start",
                        "align-items" : "flex-start",
                        "flex-basis" : "auto",
                        "flex-direction" : "row",
                        "flex-grow" : 1,
                        "flex-max-height" : "30px",
                        "flex-max-width" : "",
                        "flex-min-height" : "30px",
                        "flex-min-width" : "",
                        "flex-shrink" : 1,
                        "flex-size" : "fixed",
                        "flex-wrap" : "nowrap",
                        "iconClass" : "widgets-flexcontainer-fixed",
                        "isLocked" : false,
                        "justify-content" : "flex-start",
                        "positioning" : "responsive",
                        "userCannotRemove" : false
                      },
                      "Widgets" : [ ]
                    } ]
                  }, {
                    "Properties" : {
                      "Area" : "UI",
                      "DisplayName" : "container-7",
                      "EnableContainerUnload" : false,
                      "EnableExpandCollapse" : false,
                      "ExpandCollapseTabLocation" : "inside",
                      "Expanded" : true,
                      "Id" : "flexcontainer-7",
                      "LastContainer" : false,
                      "LazyLoading" : false,
                      "Overlay" : false,
                      "ResponsiveLayout" : true,
                      "ShowDataLoading" : true,
                      "ShowExpandCollapseTab" : false,
                      "SourceURL" : "",
                      "Style" : "DefaultContainerStyle",
                      "StyleProperties" : { },
                      "Type" : "flexcontainer",
                      "UseTheme" : true,
                      "Visible" : true,
                      "Z-index" : 10,
                      "__TypeDisplayName" : "Responsive Container",
                      "align-content" : "flex-start",
                      "align-items" : "flex-start",
                      "flex-basis" : "auto",
                      "flex-direction" : "row",
                      "flex-grow" : 1,
                      "flex-max-height" : "",
                      "flex-max-width" : "30px",
                      "flex-min-height" : "",
                      "flex-min-width" : "30px",
                      "flex-shrink" : 1,
                      "flex-size" : "fixed",
                      "flex-wrap" : "nowrap",
                      "iconClass" : "widgets-flexcontainer-fixed",
                      "isLocked" : false,
                      "justify-content" : "flex-start",
                      "positioning" : "responsive",
                      "userCannotRemove" : false
                    },
                    "Widgets" : [ {
                      "Properties" : {
                        "Area" : "UI",
                        "ButtonType" : "tertiary",
                        "ContextID" : "",
                        "Disabled" : false,
                        "DisplayName" : "ptcs-button-36",
                        "Height" : 20,
                        "Icon" : "/Thingworx/MediaEntities/TWX.Metrices.CloseIcon_ME",
                        "Id" : "ptcsbutton-36",
                        "Label" : null,
                        "LabelAlignment" : "center",
                        "LastContainer" : false,
                        "Left" : 22.01171875,
                        "Margin" : "8 8 0 0",
                        "MultiLine" : false,
                        "ResponsiveLayout" : false,
                        "ShowDataLoading" : true,
                        "TabSequence" : 0,
                        "Top" : 10.01953125,
                        "Type" : "ptcsbutton",
                        "UseTheme" : true,
                        "Visible" : true,
                        "Width" : 20,
                        "Z-index" : 10,
                        "__TypeDisplayName" : "Button"
                      },
                      "Widgets" : [ ]
                    } ]
                  } ]
                } ]
              },
              "mashupType" : "mashup"
            }
            ]]>
            </mashupContent>
            <preview></preview>
        </Mashup>
    </Mashups>
</Entities>
