<?xml version="1.0" encoding="UTF-8"?>
<Entities
 majorVersion="9"
 minorVersion="3"
 universal="">
    <Mashups>
        <Mashup
         aspect.isFlex="true"
         aspect.isResponsive="true"
         aspect.mashupType="mashup"
         columns="0.0"
         description=""
         documentationContent=""
         homeMashup=""
         name="TWX.Metrices.HDDInfo_PP"
         projectName="TempTWXMetrices"
         rows="0.0"
         tags="">
            <avatar></avatar>
            <DesignTimePermissions>
                <Create></Create>
                <Read></Read>
                <Update></Update>
                <Delete></Delete>
                <Metadata></Metadata>
            </DesignTimePermissions>
            <RunTimePermissions></RunTimePermissions>
            <VisibilityPermissions>
                <Visibility></Visibility>
            </VisibilityPermissions>
            <ConfigurationTableDefinitions></ConfigurationTableDefinitions>
            <ConfigurationTables>
                <ConfigurationTable
                 dataShapeName=""
                 description="Mashup Mobile Settings"
                 isHidden="true"
                 isMultiRow="false"
                 name="MobileSettings"
                 ordinal="0">
                    <DataShape>
                        <FieldDefinitions>
                            <FieldDefinition
                             aspect.defaultValue="false"
                             aspect.friendlyName="Disable Zoom"
                             baseType="BOOLEAN"
                             description="Disables zooming in and out within the mashup"
                             name="disableZoom"
                             ordinal="0"></FieldDefinition>
                            <FieldDefinition
                             aspect.defaultValue="true"
                             aspect.friendlyName="Full Screen Mode"
                             baseType="BOOLEAN"
                             description="Open the mashup in full screen mode"
                             name="fullScreenMode"
                             ordinal="0"></FieldDefinition>
                            <FieldDefinition
                             aspect.friendlyName="Height"
                             baseType="STRING"
                             description="The height of the mashup page"
                             name="height"
                             ordinal="0"></FieldDefinition>
                            <FieldDefinition
                             aspect.defaultValue="device-height"
                             aspect.friendlyName="Height Type"
                             baseType="STRING"
                             description="Use the height of the device display, or a custom height (in px)"
                             name="heightType"
                             ordinal="0"></FieldDefinition>
                            <FieldDefinition
                             aspect.defaultValue="1.0"
                             aspect.friendlyName="Initial Scale"
                             baseType="NUMBER"
                             description="The initial zoom scale when the mashup is loaded for the first time"
                             name="initialScale"
                             ordinal="0"></FieldDefinition>
                            <FieldDefinition
                             aspect.friendlyName="Shortcut Icon Title"
                             baseType="STRING"
                             description="A title for the mashup shortcut on the iOS home screen"
                             name="iosShortcutIconTitle"
                             ordinal="0"></FieldDefinition>
                            <FieldDefinition
                             aspect.defaultValue="black-translucent"
                             aspect.friendlyName="Status Bar Appearance"
                             baseType="STRING"
                             description="The style of the iOS status bar"
                             name="iosStatusBarAppearance"
                             ordinal="0"></FieldDefinition>
                            <FieldDefinition
                             aspect.defaultValue="10.0"
                             aspect.friendlyName="Maximum Scale"
                             baseType="NUMBER"
                             description="The maximum scale that users can zoom out to"
                             name="maximumScale"
                             ordinal="0"></FieldDefinition>
                            <FieldDefinition
                             aspect.defaultValue="0.1"
                             aspect.friendlyName="Minimum Scale"
                             baseType="NUMBER"
                             description="The minimum scale that users can zoom out to"
                             name="minimumScale"
                             ordinal="0"></FieldDefinition>
                            <FieldDefinition
                             aspect.friendlyName="Width"
                             baseType="STRING"
                             description="The width of the mashup page"
                             name="width"
                             ordinal="0"></FieldDefinition>
                            <FieldDefinition
                             aspect.defaultValue="device-width"
                             aspect.friendlyName="Width Type"
                             baseType="STRING"
                             description="Use the width of the device display, or a custom width (in px)"
                             name="widthType"
                             ordinal="0"></FieldDefinition>
                        </FieldDefinitions>
                    </DataShape>
                    <Rows>
                        <Row>
                            <disableZoom>false</disableZoom>
                            <fullScreenMode>true</fullScreenMode>
                            <height>
                            <![CDATA[
                            device-height
                            ]]>
                            </height>
                            <heightType>
                            <![CDATA[
                            device-height
                            ]]>
                            </heightType>
                            <initialScale>1.0</initialScale>
                            <iosShortcutIconTitle></iosShortcutIconTitle>
                            <iosStatusBarAppearance>
                            <![CDATA[
                            black-translucent
                            ]]>
                            </iosStatusBarAppearance>
                            <maximumScale>10.0</maximumScale>
                            <minimumScale>0.1</minimumScale>
                            <width>
                            <![CDATA[
                            device-width
                            ]]>
                            </width>
                            <widthType>
                            <![CDATA[
                            device-width
                            ]]>
                            </widthType>
                        </Row>
                    </Rows>
                </ConfigurationTable>
            </ConfigurationTables>
            <ParameterDefinitions></ParameterDefinitions>
            <Things></Things>
            <ThingShapes></ThingShapes>
            <ThingTemplates></ThingTemplates>
            <mashupContent>
            <![CDATA[
            {
              "CustomMashupCss" : "",
              "Data" : {
                "Session" : {
                  "DataName" : "Session",
                  "EntityName" : "",
                  "EntityType" : "Session",
                  "Id" : "session",
                  "Services" : [ {
                    "APIMethod" : "post",
                    "Characteristic" : "Services",
                    "Id" : "SessionInterface",
                    "Name" : "GetGlobalSessionValues",
                    "Parameters" : { },
                    "RefreshInterval" : 0,
                    "Target" : "GetGlobalSessionValues"
                  } ]
                },
                "Things_TWX.Metrices.HDDInfoHelper_Thing" : {
                  "DataName" : "Things_TWX.Metrices.HDDInfoHelper_Thing",
                  "EntityName" : "TWX.Metrices.HDDInfoHelper_Thing",
                  "EntityType" : "Things",
                  "Id" : "935b8acf-680d-4726-8e16-9337cb64e4c3",
                  "RefreshInterval" : 0,
                  "Services" : [ {
                    "APIMethod" : "post",
                    "Characteristic" : "Services",
                    "Id" : "5f7bc9de-e945-4f82-ad4c-f10904a010ca",
                    "Name" : "GetDisks",
                    "Parameters" : { },
                    "RefreshInterval" : 0,
                    "Target" : "GetDisks"
                  }, {
                    "APIMethod" : "post",
                    "Characteristic" : "Services",
                    "Id" : "a14a9471-f0fe-4a61-9265-8f3bf8bed209",
                    "Name" : "GetTotalDiskSize",
                    "Parameters" : { },
                    "RefreshInterval" : 0,
                    "Target" : "GetTotalDiskSize"
                  }, {
                    "APIMethod" : "post",
                    "Characteristic" : "Services",
                    "Id" : "8020b05e-d300-4187-a650-5de8206c7f94",
                    "Name" : "GetUsedMemorySize",
                    "Parameters" : { },
                    "RefreshInterval" : 0,
                    "Target" : "GetUsedMemorySize"
                  }, {
                    "APIMethod" : "post",
                    "Characteristic" : "Services",
                    "Id" : "87c43451-8696-4abc-819e-8bf71d3c4407",
                    "Name" : "GetDisMashupTitle",
                    "Parameters" : { },
                    "RefreshInterval" : 0,
                    "Target" : "GetDisMashupTitle"
                  } ]
                },
                "UserExtensions" : {
                  "DataName" : "UserExtensions",
                  "EntityName" : "",
                  "EntityType" : "UserExtensions",
                  "Id" : "UserExtensions",
                  "Services" : [ {
                    "APIMethod" : "post",
                    "Characteristic" : "Services",
                    "Id" : "UserExtensionInterface",
                    "Name" : "GetCurrentUserExtensionProperties",
                    "Parameters" : { },
                    "RefreshInterval" : 0,
                    "Target" : "GetCurrentUserExtensionProperties"
                  } ]
                }
              },
              "DataBindings" : [ {
                "Id" : "b0702a0f-8492-49e6-9b28-98a6dfb0b161",
                "PropertyMaps" : [ {
                  "SourceProperty" : "",
                  "SourcePropertyBaseType" : "INFOTABLE",
                  "SourcePropertyType" : "InfoTable",
                  "TargetProperty" : "Data",
                  "TargetPropertyBaseType" : "INFOTABLE",
                  "TargetPropertyType" : "property"
                } ],
                "SourceArea" : "Data",
                "SourceDetails" : "AllData",
                "SourceId" : "GetDisks",
                "SourceName" : "GetDisks",
                "SourceSection" : "Things_TWX.Metrices.HDDInfoHelper_Thing",
                "TargetArea" : "UI",
                "TargetId" : "collection-3",
                "TargetSection" : ""
              }, {
                "Id" : "7bf018e9-b3e8-446a-a7e5-b3b02343be60",
                "PropertyMaps" : [ {
                  "SourceProperty" : "result",
                  "SourcePropertyBaseType" : "STRING",
                  "SourcePropertyType" : "Field",
                  "TargetProperty" : "LabelText",
                  "TargetPropertyBaseType" : "STRING",
                  "TargetPropertyType" : "property"
                } ],
                "SourceArea" : "Data",
                "SourceDetails" : "AllData",
                "SourceId" : "GetDisMashupTitle",
                "SourceSection" : "Things_TWX.Metrices.HDDInfoHelper_Thing",
                "TargetArea" : "UI",
                "TargetId" : "ptcslabel-15",
                "TargetSection" : ""
              }, {
                "Id" : "bebe0620-25b5-4b9f-ae85-ad0298b84be7",
                "PropertyMaps" : [ {
                  "SourceProperty" : "result",
                  "SourcePropertyBaseType" : "NUMBER",
                  "SourcePropertyType" : "Field",
                  "TargetProperty" : "Used",
                  "TargetPropertyBaseType" : "NUMBER",
                  "TargetPropertyType" : "property"
                } ],
                "SourceArea" : "Data",
                "SourceDetails" : "AllData",
                "SourceId" : "GetUsedMemorySize",
                "SourceSection" : "Things_TWX.Metrices.HDDInfoHelper_Thing",
                "TargetArea" : "UI",
                "TargetId" : "expression2-20",
                "TargetSection" : ""
              }, {
                "Id" : "a4980046-c2cc-4fb8-bf81-33a642f43bd2",
                "PropertyMaps" : [ {
                  "SourceProperty" : "result",
                  "SourcePropertyBaseType" : "NUMBER",
                  "SourcePropertyType" : "Field",
                  "TargetProperty" : "Data",
                  "TargetPropertyBaseType" : "ANYSCALAR",
                  "TargetPropertyType" : "property"
                } ],
                "SourceArea" : "Data",
                "SourceDetails" : "AllData",
                "SourceId" : "GetUsedMemorySize",
                "SourceSection" : "Things_TWX.Metrices.HDDInfoHelper_Thing",
                "TargetArea" : "UI",
                "TargetId" : "shape-26",
                "TargetSection" : ""
              }, {
                "Id" : "8b4c2761-6ec4-4b86-8f67-6e9dc6bfe1c5",
                "PropertyMaps" : [ {
                  "SourceProperty" : "result",
                  "SourcePropertyBaseType" : "NUMBER",
                  "SourcePropertyType" : "Field",
                  "TargetProperty" : "DynamicRangeMaximum",
                  "TargetPropertyBaseType" : "NUMBER",
                  "TargetPropertyType" : "property"
                } ],
                "SourceArea" : "Data",
                "SourceDetails" : "AllData",
                "SourceId" : "GetTotalDiskSize",
                "SourceSection" : "Things_TWX.Metrices.HDDInfoHelper_Thing",
                "TargetArea" : "UI",
                "TargetId" : "shape-26",
                "TargetSection" : ""
              } ],
              "DesignTimePermissions" : { },
              "Events" : [ {
                "EventHandlerArea" : "Data",
                "EventHandlerId" : "Things_TWX.Metrices.HDDInfoHelper_Thing",
                "EventHandlerService" : "GetDisks",
                "EventTriggerArea" : "Mashup",
                "EventTriggerEvent" : "Loaded",
                "EventTriggerId" : "mashup-root",
                "EventTriggerSection" : "",
                "Id" : "058b7d83-5fdb-4ad7-bf40-40145228dba6"
              }, {
                "EventHandlerArea" : "Mashup",
                "EventHandlerId" : "mashup-root",
                "EventHandlerService" : "CloseIfPopup",
                "EventTriggerArea" : "UI",
                "EventTriggerEvent" : "Clicked",
                "EventTriggerId" : "ptcsbutton-21",
                "EventTriggerSection" : "",
                "Id" : "1bf63db6-50eb-422d-ac8d-b144bd82617e"
              }, {
                "EventHandlerArea" : "Data",
                "EventHandlerId" : "Things_TWX.Metrices.HDDInfoHelper_Thing",
                "EventHandlerService" : "GetUsedMemorySize",
                "EventTriggerArea" : "Data",
                "EventTriggerEvent" : "ServiceInvokeCompleted",
                "EventTriggerId" : "GetDisks",
                "EventTriggerSection" : "Things_TWX.Metrices.HDDInfoHelper_Thing",
                "Id" : "035a0052-4fe6-4be1-837a-9e68bb4826b7"
              }, {
                "EventHandlerArea" : "Data",
                "EventHandlerId" : "Things_TWX.Metrices.HDDInfoHelper_Thing",
                "EventHandlerService" : "GetDisMashupTitle",
                "EventTriggerArea" : "Data",
                "EventTriggerEvent" : "ServiceInvokeCompleted",
                "EventTriggerId" : "GetDisks",
                "EventTriggerSection" : "Things_TWX.Metrices.HDDInfoHelper_Thing",
                "Id" : "5daeebb3-e5bb-49b6-8a30-eca0bbc58ce7"
              } ],
              "Reminders" : [ ],
              "RunTimePermissions" : { },
              "UI" : {
                "Properties" : {
                  "AddToDashboardButton" : "SimplePlus",
                  "AddToDashboardButtonStyle" : "DefaultAddToDashboardButtonStyle",
                  "Area" : "Mashup",
                  "BGImage" : "",
                  "BGImageRepeat" : "no-repeat",
                  "BGImageSize" : "auto",
                  "Columns" : 0,
                  "ConfigureGadgetButton" : "SimpleGear",
                  "ConfigureGadgetButtonStyle" : "DefaultConfigureGadgetButtonStyle",
                  "DisplayName" : "Mashup",
                  "EnableParameterEditing" : false,
                  "Height" : 618,
                  "Id" : "mashup-root",
                  "IgnoreWarningsInViewMashup" : false,
                  "IsPrintLayout" : false,
                  "Left" : 0,
                  "MashupToEditGadget" : "DefaultMashupToEditGadget",
                  "MinHeight" : 0,
                  "MinWidth" : 0,
                  "ResponsiveLayout" : true,
                  "Rows" : 0,
                  "ShowDataLoading" : true,
                  "Style" : "DefaultMashupStyle",
                  "StyleProperties" : {
                    "data" : {
                      "ptcsbutton-21" : {
                        "parts" : {
                          "$" : {
                            "$" : {
                              "min-height" : "20px",
                              "min-width" : "20px"
                            }
                          }
                        },
                        "widget" : "ptcs-button"
                      },
                      "ptcslabel-15" : {
                        "parts" : {
                          "$" : {
                            "$" : {
                              "color" : "rgba(192,192,192,1)",
                              "font-family" : "Courier",
                              "font-size" : "14px",
                              "font-weight" : "100"
                            }
                          }
                        },
                        "widget" : "ptcs-label"
                      }
                    },
                    "meta" : {
                      "type" : "WidgetStyler",
                      "version" : "1.0"
                    }
                  },
                  "StyleTheme" : "PTC Convergence Theme",
                  "Title" : "",
                  "TitleBar" : false,
                  "TitleBarStyle" : "DefaultTitleBarStyle",
                  "TitleBarText" : "Gadget Title Here",
                  "Top" : 0,
                  "Type" : "mashup",
                  "UseMasterTheme" : false,
                  "UseTheme" : false,
                  "UseThemeForHybrids" : false,
                  "Visible" : true,
                  "Width" : 1024,
                  "Z-index" : 10,
                  "__TypeDisplayName" : "Mashup",
                  "id_index" : 31,
                  "secureExpressionsOnly" : true,
                  "supportsAutoResize" : true
                },
                "Widgets" : [ {
                  "Properties" : {
                    "Area" : "UI",
                    "DisplayName" : "container-2",
                    "EnableContainerUnload" : false,
                    "EnableExpandCollapse" : false,
                    "ExpandCollapseTabLocation" : "inside",
                    "Expanded" : true,
                    "Id" : "flexcontainer-2",
                    "LastContainer" : true,
                    "LazyLoading" : false,
                    "Overlay" : false,
                    "ResponsiveLayout" : true,
                    "Scrolling" : "auto-scroll",
                    "ShowDataLoading" : true,
                    "ShowExpandCollapseTab" : false,
                    "SourceURL" : "",
                    "Style" : "DefaultContainerStyle",
                    "StyleProperties" : { },
                    "Type" : "flexcontainer",
                    "UseTheme" : true,
                    "Visible" : true,
                    "Z-index" : 10,
                    "__TypeDisplayName" : "Responsive Container",
                    "align-content" : "flex-start",
                    "align-items" : "flex-start",
                    "flex-basis" : "auto",
                    "flex-direction" : "row",
                    "flex-grow" : 1,
                    "flex-max-height" : "",
                    "flex-max-width" : "",
                    "flex-min-height" : "",
                    "flex-min-width" : "",
                    "flex-shrink" : 1,
                    "flex-size" : "default",
                    "flex-wrap" : "nowrap",
                    "iconClass" : "widgets-flexcontainer",
                    "justify-content" : "flex-start",
                    "positioning" : "responsive",
                    "userCannotRemove" : true
                  },
                  "Widgets" : [ {
                    "Properties" : {
                      "Area" : "UI",
                      "DisplayName" : "container-24",
                      "EnableContainerUnload" : false,
                      "EnableExpandCollapse" : false,
                      "ExpandCollapseTabLocation" : "inside",
                      "Expanded" : true,
                      "Id" : "flexcontainer-24",
                      "LastContainer" : false,
                      "LazyLoading" : false,
                      "Overlay" : false,
                      "ResponsiveLayout" : true,
                      "ShowDataLoading" : true,
                      "ShowExpandCollapseTab" : false,
                      "SourceURL" : "",
                      "Style" : "DefaultContainerStyle",
                      "StyleProperties" : { },
                      "Type" : "flexcontainer",
                      "UseTheme" : true,
                      "Visible" : true,
                      "Z-index" : 10,
                      "__TypeDisplayName" : "Responsive Container",
                      "align-content" : "flex-start",
                      "align-items" : "flex-start",
                      "flex-basis" : "auto",
                      "flex-direction" : "row",
                      "flex-grow" : 1,
                      "flex-max-height" : "",
                      "flex-max-width" : "30px",
                      "flex-min-height" : "",
                      "flex-min-width" : "30px",
                      "flex-shrink" : 1,
                      "flex-size" : "fixed",
                      "flex-wrap" : "nowrap",
                      "iconClass" : "widgets-flexcontainer-fixed",
                      "isLocked" : false,
                      "justify-content" : "flex-start",
                      "positioning" : "responsive",
                      "userCannotRemove" : false
                    },
                    "Widgets" : [ ]
                  }, {
                    "Properties" : {
                      "Area" : "UI",
                      "DisplayName" : "container-4",
                      "EnableContainerUnload" : false,
                      "EnableExpandCollapse" : false,
                      "ExpandCollapseTabLocation" : "inside",
                      "Expanded" : true,
                      "Id" : "flexcontainer-4",
                      "LastContainer" : true,
                      "LazyLoading" : false,
                      "Overlay" : false,
                      "ResponsiveLayout" : false,
                      "Scrolling" : "auto-scroll",
                      "ShowDataLoading" : true,
                      "ShowExpandCollapseTab" : false,
                      "SourceURL" : "",
                      "Style" : "DefaultContainerStyle",
                      "StyleProperties" : { },
                      "Type" : "flexcontainer",
                      "UseTheme" : true,
                      "Visible" : true,
                      "Z-index" : 10,
                      "__TypeDisplayName" : "Responsive Container",
                      "align-content" : "flex-start",
                      "align-items" : "flex-start",
                      "flex-basis" : "auto",
                      "flex-direction" : "column",
                      "flex-grow" : 1,
                      "flex-max-height" : "",
                      "flex-max-width" : "",
                      "flex-min-height" : "",
                      "flex-min-width" : "",
                      "flex-shrink" : 1,
                      "flex-size" : "default",
                      "flex-wrap" : "nowrap",
                      "iconClass" : "widgets-flexcontainer",
                      "isLocked" : true,
                      "justify-content" : "flex-start",
                      "positioning" : "responsive",
                      "userCannotRemove" : false
                    },
                    "Widgets" : [ {
                      "Properties" : {
                        "Area" : "UI",
                        "DisplayName" : "container-14",
                        "EnableContainerUnload" : false,
                        "EnableExpandCollapse" : false,
                        "ExpandCollapseTabLocation" : "inside",
                        "Expanded" : true,
                        "Id" : "flexcontainer-14",
                        "LastContainer" : false,
                        "LazyLoading" : false,
                        "Overlay" : false,
                        "ResponsiveLayout" : true,
                        "ShowDataLoading" : true,
                        "ShowExpandCollapseTab" : false,
                        "SourceURL" : "",
                        "Style" : "DefaultContainerStyle",
                        "StyleProperties" : { },
                        "Type" : "flexcontainer",
                        "UseTheme" : true,
                        "Visible" : true,
                        "Z-index" : 10,
                        "__TypeDisplayName" : "Responsive Container",
                        "align-content" : "flex-start",
                        "align-items" : "flex-start",
                        "flex-basis" : "auto",
                        "flex-direction" : "row",
                        "flex-grow" : 1,
                        "flex-max-height" : "30px",
                        "flex-max-width" : "",
                        "flex-min-height" : "30px",
                        "flex-min-width" : "",
                        "flex-shrink" : 1,
                        "flex-size" : "fixed",
                        "flex-wrap" : "nowrap",
                        "iconClass" : "widgets-flexcontainer-fixed",
                        "isLocked" : false,
                        "justify-content" : "flex-start",
                        "positioning" : "responsive",
                        "userCannotRemove" : false
                      },
                      "Widgets" : [ ]
                    }, {
                      "Properties" : {
                        "Area" : "UI",
                        "DisplayName" : "container-8",
                        "EnableContainerUnload" : false,
                        "EnableExpandCollapse" : false,
                        "ExpandCollapseTabLocation" : "inside",
                        "Expanded" : true,
                        "Id" : "flexcontainer-8",
                        "LastContainer" : false,
                        "LazyLoading" : false,
                        "Overlay" : false,
                        "ResponsiveLayout" : false,
                        "ShowDataLoading" : true,
                        "ShowExpandCollapseTab" : false,
                        "SourceURL" : "",
                        "Style" : "DefaultContainerStyle",
                        "StyleProperties" : { },
                        "Type" : "flexcontainer",
                        "UseTheme" : true,
                        "Visible" : true,
                        "Z-index" : 10,
                        "__TypeDisplayName" : "Responsive Container",
                        "align-content" : "flex-start",
                        "align-items" : "flex-start",
                        "flex-basis" : "auto",
                        "flex-direction" : "column",
                        "flex-grow" : 1,
                        "flex-max-height" : "77px",
                        "flex-max-width" : "",
                        "flex-min-height" : "77px",
                        "flex-min-width" : "",
                        "flex-shrink" : 1,
                        "flex-size" : "fixed",
                        "flex-wrap" : "nowrap",
                        "iconClass" : "widgets-flexcontainer-fixed",
                        "isLocked" : false,
                        "justify-content" : "flex-start",
                        "positioning" : "responsive",
                        "userCannotRemove" : false
                      },
                      "Widgets" : [ {
                        "Properties" : {
                          "Area" : "UI",
                          "DisplayName" : "container-25",
                          "EnableContainerUnload" : false,
                          "EnableExpandCollapse" : false,
                          "ExpandCollapseTabLocation" : "inside",
                          "Expanded" : true,
                          "Id" : "flexcontainer-25",
                          "LastContainer" : false,
                          "LazyLoading" : false,
                          "Overlay" : false,
                          "ResponsiveLayout" : true,
                          "Scrolling" : "auto-scroll",
                          "ShowDataLoading" : true,
                          "ShowExpandCollapseTab" : false,
                          "SourceURL" : "",
                          "Style" : "DefaultContainerStyle",
                          "StyleProperties" : { },
                          "Type" : "flexcontainer",
                          "UseTheme" : true,
                          "Visible" : true,
                          "Z-index" : 10,
                          "__TypeDisplayName" : "Responsive Container",
                          "align-content" : "flex-start",
                          "align-items" : "flex-start",
                          "flex-basis" : "auto",
                          "flex-direction" : "row",
                          "flex-grow" : 1,
                          "flex-max-height" : "4px",
                          "flex-max-width" : "",
                          "flex-min-height" : "4px",
                          "flex-min-width" : "",
                          "flex-shrink" : 1,
                          "flex-size" : "fixed",
                          "flex-wrap" : "nowrap",
                          "iconClass" : "widgets-flexcontainer-fixed",
                          "isLocked" : false,
                          "justify-content" : "flex-start",
                          "positioning" : "responsive",
                          "userCannotRemove" : false
                        },
                        "Widgets" : [ {
                          "Properties" : {
                            "Area" : "UI",
                            "DisplayName" : "container-27",
                            "EnableContainerUnload" : false,
                            "EnableExpandCollapse" : false,
                            "ExpandCollapseTabLocation" : "inside",
                            "Expanded" : true,
                            "Id" : "flexcontainer-27",
                            "LastContainer" : true,
                            "LazyLoading" : false,
                            "Overlay" : false,
                            "ResponsiveLayout" : false,
                            "Scrolling" : "auto-scroll",
                            "ShowDataLoading" : true,
                            "ShowExpandCollapseTab" : false,
                            "SourceURL" : "",
                            "Style" : "DefaultContainerStyle",
                            "StyleProperties" : { },
                            "Type" : "flexcontainer",
                            "UseTheme" : true,
                            "Visible" : true,
                            "Z-index" : 10,
                            "__TypeDisplayName" : "Responsive Container",
                            "align-content" : "flex-start",
                            "align-items" : "flex-start",
                            "flex-basis" : "auto",
                            "flex-direction" : "row",
                            "flex-grow" : 1,
                            "flex-max-height" : "",
                            "flex-max-width" : "",
                            "flex-min-height" : "",
                            "flex-min-width" : "",
                            "flex-shrink" : 1,
                            "flex-size" : "default",
                            "flex-wrap" : "nowrap",
                            "iconClass" : "widgets-flexcontainer",
                            "isLocked" : true,
                            "justify-content" : "flex-start",
                            "positioning" : "responsive",
                            "userCannotRemove" : false
                          },
                          "Widgets" : [ {
                            "Properties" : {
                              "Area" : "UI",
                              "DisplayName" : "shape-26",
                              "DynamicFillOrientation" : "horizontal",
                              "DynamicRangeMaximum" : 100,
                              "DynamicRangeMinimum" : 0,
                              "EnableDynamicFill" : true,
                              "GradientOrientation" : "horizontal",
                              "GradientType" : "linear",
                              "Height" : 50,
                              "Id" : "shape-26",
                              "LastContainer" : false,
                              "Left" : 4.00390625,
                              "RectangleCornerRadius" : 10,
                              "ResponsiveLayout" : true,
                              "ShapeFormatter_StateParameters" : [ ],
                              "ShapeStyle" : {
                                "backgroundColor" : "rgba(102,204,51,0.5)",
                                "displayString" : "",
                                "fontEmphasisBold" : false,
                                "fontEmphasisItalic" : false,
                                "fontEmphasisUnderline" : false,
                                "foregroundColor" : "",
                                "image" : "",
                                "lineColor" : "",
                                "lineStyle" : "solid",
                                "lineThickness" : 1,
                                "secondaryBackgroundColor" : "",
                                "textSize" : "normal"
                              },
                              "ShapeType" : "rectangle",
                              "ShowDataLoading" : true,
                              "Top" : 245.01953125,
                              "Type" : "shape",
                              "UnfilledBackgroundStyle" : {
                                "backgroundColor" : "rgba(236,234,235,1)",
                                "displayString" : "",
                                "fontEmphasisBold" : false,
                                "fontEmphasisItalic" : false,
                                "fontEmphasisUnderline" : false,
                                "foregroundColor" : "",
                                "image" : "",
                                "lineColor" : "",
                                "lineStyle" : "solid",
                                "lineThickness" : 1,
                                "secondaryBackgroundColor" : "",
                                "textSize" : "normal"
                              },
                              "Visible" : true,
                              "Width" : 50,
                              "Z-index" : 10,
                              "__TypeDisplayName" : "Shape"
                            },
                            "Widgets" : [ ]
                          } ]
                        }, {
                          "Properties" : {
                            "Area" : "UI",
                            "DisplayName" : "container-28",
                            "EnableContainerUnload" : false,
                            "EnableExpandCollapse" : false,
                            "ExpandCollapseTabLocation" : "inside",
                            "Expanded" : true,
                            "Id" : "flexcontainer-28",
                            "LastContainer" : false,
                            "LazyLoading" : false,
                            "Overlay" : false,
                            "ResponsiveLayout" : true,
                            "ShowDataLoading" : true,
                            "ShowExpandCollapseTab" : false,
                            "SourceURL" : "",
                            "Style" : "DefaultContainerStyle",
                            "StyleProperties" : { },
                            "Type" : "flexcontainer",
                            "UseTheme" : true,
                            "Visible" : true,
                            "Z-index" : 10,
                            "__TypeDisplayName" : "Responsive Container",
                            "align-content" : "flex-start",
                            "align-items" : "flex-start",
                            "flex-basis" : "auto",
                            "flex-direction" : "row",
                            "flex-grow" : 1,
                            "flex-max-height" : "",
                            "flex-max-width" : "10px",
                            "flex-min-height" : "",
                            "flex-min-width" : "10px",
                            "flex-shrink" : 1,
                            "flex-size" : "fixed",
                            "flex-wrap" : "nowrap",
                            "iconClass" : "widgets-flexcontainer-fixed",
                            "isLocked" : false,
                            "justify-content" : "flex-start",
                            "positioning" : "responsive",
                            "userCannotRemove" : false
                          },
                          "Widgets" : [ ]
                        } ]
                      }, {
                        "Properties" : {
                          "Area" : "UI",
                          "DisplayName" : "container-13",
                          "EnableContainerUnload" : false,
                          "EnableExpandCollapse" : false,
                          "ExpandCollapseTabLocation" : "inside",
                          "Expanded" : true,
                          "Id" : "flexcontainer-13",
                          "LastContainer" : false,
                          "LazyLoading" : false,
                          "Overlay" : false,
                          "ResponsiveLayout" : false,
                          "ShowDataLoading" : true,
                          "ShowExpandCollapseTab" : false,
                          "SourceURL" : "",
                          "Style" : "DefaultContainerStyle",
                          "StyleProperties" : { },
                          "Type" : "flexcontainer",
                          "UseTheme" : true,
                          "Visible" : true,
                          "Z-index" : 10,
                          "__TypeDisplayName" : "Responsive Container",
                          "align-content" : "flex-start",
                          "align-items" : "flex-start",
                          "flex-basis" : "auto",
                          "flex-direction" : "row",
                          "flex-grow" : 1,
                          "flex-max-height" : "35px",
                          "flex-max-width" : "",
                          "flex-min-height" : "35px",
                          "flex-min-width" : "",
                          "flex-shrink" : 1,
                          "flex-size" : "fixed",
                          "flex-wrap" : "nowrap",
                          "iconClass" : "widgets-flexcontainer-fixed",
                          "isLocked" : false,
                          "justify-content" : "flex-start",
                          "positioning" : "responsive",
                          "userCannotRemove" : false
                        },
                        "Widgets" : [ {
                          "Properties" : {
                            "Area" : "UI",
                            "DisclosureControl" : "show-more",
                            "DisplayName" : "ptcs-label-9",
                            "HorizontalAlignment" : "left",
                            "Id" : "ptcslabel-9",
                            "LabelText" : "HDD Informations",
                            "LabelType" : "header",
                            "LastContainer" : false,
                            "Left" : 14.00390625,
                            "Margin" : "5",
                            "MultiLine" : true,
                            "PreserveWhiteSpace" : false,
                            "ResponsiveLayout" : false,
                            "ShowDataLoading" : true,
                            "Top" : 30.01953125,
                            "Type" : "ptcslabel",
                            "UseTheme" : true,
                            "VerticalAlignment" : "flex-start",
                            "Visible" : true,
                            "Z-index" : 10,
                            "__TypeDisplayName" : "Label",
                            "overflowShowLessTxt" : "[[showLess]]",
                            "overflowShowMoreTxt" : "[[showMore]]"
                          },
                          "Widgets" : [ ]
                        } ]
                      }, {
                        "Properties" : {
                          "Area" : "UI",
                          "DisplayName" : "container-12",
                          "EnableContainerUnload" : false,
                          "EnableExpandCollapse" : false,
                          "ExpandCollapseTabLocation" : "inside",
                          "Expanded" : true,
                          "Id" : "flexcontainer-12",
                          "LastContainer" : true,
                          "LazyLoading" : false,
                          "Overlay" : false,
                          "ResponsiveLayout" : false,
                          "ShowDataLoading" : true,
                          "ShowExpandCollapseTab" : false,
                          "SourceURL" : "",
                          "Style" : "DefaultContainerStyle",
                          "StyleProperties" : { },
                          "Type" : "flexcontainer",
                          "UseTheme" : true,
                          "Visible" : true,
                          "Z-index" : 10,
                          "__TypeDisplayName" : "Responsive Container",
                          "align-content" : "flex-start",
                          "align-items" : "flex-start",
                          "flex-basis" : "auto",
                          "flex-direction" : "row",
                          "flex-grow" : 1,
                          "flex-max-height" : "",
                          "flex-max-width" : "",
                          "flex-min-height" : "",
                          "flex-min-width" : "",
                          "flex-shrink" : 1,
                          "flex-size" : "default",
                          "flex-wrap" : "nowrap",
                          "iconClass" : "widgets-flexcontainer",
                          "isLocked" : true,
                          "justify-content" : "flex-start",
                          "positioning" : "responsive",
                          "userCannotRemove" : false
                        },
                        "Widgets" : [ {
                          "Properties" : {
                            "Area" : "UI",
                            "DisclosureControl" : "show-more",
                            "DisplayName" : "ptcs-label-15",
                            "HorizontalAlignment" : "left",
                            "Id" : "ptcslabel-15",
                            "LabelText" : "[[Label]]",
                            "LabelType" : "body",
                            "LastContainer" : false,
                            "Left" : 94.00390625,
                            "Margin" : "5",
                            "MultiLine" : true,
                            "PreserveWhiteSpace" : false,
                            "ResponsiveLayout" : false,
                            "ShowDataLoading" : true,
                            "Top" : 10.01953125,
                            "Type" : "ptcslabel",
                            "UseTheme" : true,
                            "VerticalAlignment" : "flex-start",
                            "Visible" : true,
                            "Z-index" : 10,
                            "__TypeDisplayName" : "Label",
                            "overflowShowLessTxt" : "[[showLess]]",
                            "overflowShowMoreTxt" : "[[showMore]]"
                          },
                          "Widgets" : [ ]
                        } ]
                      } ]
                    }, {
                      "Properties" : {
                        "Area" : "UI",
                        "DisplayName" : "container-7",
                        "EnableContainerUnload" : false,
                        "EnableExpandCollapse" : false,
                        "ExpandCollapseTabLocation" : "inside",
                        "Expanded" : true,
                        "Id" : "flexcontainer-7",
                        "LastContainer" : true,
                        "LazyLoading" : false,
                        "Overlay" : false,
                        "ResponsiveLayout" : false,
                        "Scrolling" : "auto-scroll",
                        "ShowDataLoading" : true,
                        "ShowExpandCollapseTab" : false,
                        "SourceURL" : "",
                        "Style" : "DefaultContainerStyle",
                        "StyleProperties" : { },
                        "Type" : "flexcontainer",
                        "UseTheme" : true,
                        "Visible" : true,
                        "Z-index" : 10,
                        "__TypeDisplayName" : "Responsive Container",
                        "align-content" : "flex-start",
                        "align-items" : "flex-start",
                        "flex-basis" : "auto",
                        "flex-direction" : "row",
                        "flex-grow" : 1,
                        "flex-max-height" : "",
                        "flex-max-width" : "",
                        "flex-min-height" : "",
                        "flex-min-width" : "",
                        "flex-shrink" : 1,
                        "flex-size" : "default",
                        "flex-wrap" : "nowrap",
                        "iconClass" : "widgets-flexcontainer",
                        "isLocked" : true,
                        "justify-content" : "flex-start",
                        "positioning" : "responsive",
                        "userCannotRemove" : false
                      },
                      "Widgets" : [ {
                        "Properties" : {
                          "AllowSelection" : false,
                          "AlwaysUseCustomScrollerOniOS" : true,
                          "Area" : "UI",
                          "AutoSelectFirstRow" : false,
                          "BottomPadding" : 15,
                          "CellActiveStyle" : "DefaultCollectionCellActiveStyle",
                          "CellAlternateStyle" : "DefaultCollectionCellAlternateStyle",
                          "CellBorderRadius" : 0,
                          "CellBoxShadow" : "",
                          "CellHoverStyle" : "DefaultCollectionCellHoverStyle",
                          "CellMashupSelectedField" : "",
                          "CellMenuStatesIconGravity" : "Left",
                          "CellMenuStatesIconSize" : 16,
                          "CellMenuStatesOrientation" : "Horizontal",
                          "CellMenuStatesUseBuiltin" : false,
                          "CellMultipleSelectionType" : "Disabled",
                          "CellPointer" : "auto",
                          "CellSelectedStyle" : "DefaultCollectionCellSelectedStyle",
                          "CellStyle" : "DefaultCollectionCellStyle",
                          "DisableWrapping" : false,
                          "DisplayName" : "collection-3",
                          "FlowLayoutAlignment" : "Top",
                          "FlowLayoutContentGravity" : "Top",
                          "FlowLayoutGravity" : "Edge",
                          "FooterHeight" : 44,
                          "FooterSectionParam" : "",
                          "HandleSelectionUpdates" : true,
                          "HasSelectedCells" : false,
                          "HeaderHeight" : 44,
                          "HeaderSectionParam" : "",
                          "Height" : 300,
                          "Id" : "collection-3",
                          "ItemLoadBehavior" : "loadUnload",
                          "LastContainer" : false,
                          "Left" : 289.04296875,
                          "LeftAlignFinalRow" : true,
                          "Mashup" : "TWX.Metrices.HDDInfo_CL",
                          "MashupGlobalPropertyBinding" : "{}",
                          "MashupHeight" : 120,
                          "MashupPropertyBinding" : "{\"partitions\":\"Partitions\",\"Name\":\"_Name\",\"TransferTime\":\"TransferTime\",\"WriteBytes\":\"WriteBytes\",\"ReadBytes\":\"ReadBytes\",\"Writes\":\"Writes\",\"Reads\":\"Reads\",\"Size\":\"Size\",\"UsedSpace\":\"UsedSpace\"}",
                          "MashupWidth" : 768,
                          "MinimumSpacing" : 10,
                          "MultiSelect" : false,
                          "OffScreenBufferFactor" : 0.1,
                          "PinFootersToBottom" : false,
                          "PinHeadersToTop" : false,
                          "PlaysIntroAnimation" : true,
                          "ResponsiveLayout" : true,
                          "RippleEffectStyle" : "DefaultCollectionRippleStyle",
                          "RowSpacing" : 20,
                          "ScrollbarType" : "hover",
                          "ScrollsToSelectedCell" : false,
                          "SectionInsetBottom" : 0,
                          "SectionInsetLeft" : 0,
                          "SectionInsetRight" : 0,
                          "SectionInsetTop" : 0,
                          "SelectedCellsCount" : 0,
                          "ShowDataLoading" : true,
                          "ShowFooters" : false,
                          "ShowHeaders" : false,
                          "SortAscending" : false,
                          "Top" : 130.01953125,
                          "TopPadding" : 10,
                          "Type" : "collection",
                          "UIDField" : "ID",
                          "UseCustomScrollerOnWindowsDesktops" : true,
                          "UseMashupDimensions" : false,
                          "UseRippleEffect" : false,
                          "View" : "flow",
                          "Visible" : true,
                          "Width" : 400,
                          "Z-index" : 10,
                          "_CanDoubleClick" : false,
                          "_EventDataShape" : "{\"partitions\":{\"name\":\"partitions\",\"aspects\":{\"isPrimaryKey\":false,\"dataShape\":\"TWX.Metrices.PartitionInfo_DS\"},\"description\":\"\",\"baseType\":\"INFOTABLE\",\"ordinal\":2,\"dataShape\":{\"fieldDefinitions\":{\"MountPoint\":{\"name\":\"MountPoint\",\"aspects\":{\"isPrimaryKey\":false},\"description\":\"\",\"baseType\":\"STRING\",\"ordinal\":1},\"Type\":{\"name\":\"Type\",\"aspects\":{\"isPrimaryKey\":false},\"description\":\"\",\"baseType\":\"STRING\",\"ordinal\":4},\"Size\":{\"name\":\"Size\",\"aspects\":{\"isPrimaryKey\":false},\"description\":\"\",\"baseType\":\"NUMBER\",\"ordinal\":3},\"Identification\":{\"name\":\"Identification\",\"aspects\":{\"isPrimaryKey\":false},\"description\":\"\",\"baseType\":\"STRING\",\"ordinal\":2},\"UUID\":{\"name\":\"UUID\",\"aspects\":{\"isPrimaryKey\":false},\"description\":\"\",\"baseType\":\"STRING\",\"ordinal\":5},\"Name\":{\"name\":\"Name\",\"aspects\":{\"isPrimaryKey\":false},\"description\":\"\",\"baseType\":\"STRING\",\"ordinal\":6}}},\"type\":\"Field\"},\"Size\":{\"name\":\"Size\",\"aspects\":{\"isPrimaryKey\":false},\"description\":\"\",\"baseType\":\"NUMBER\",\"ordinal\":4,\"type\":\"Field\"},\"Model\":{\"name\":\"Model\",\"aspects\":{\"isPrimaryKey\":false},\"description\":\"\",\"baseType\":\"STRING\",\"ordinal\":5,\"type\":\"Field\"},\"CurrentQueueLength\":{\"name\":\"CurrentQueueLength\",\"aspects\":{\"isPrimaryKey\":false},\"description\":\"\",\"baseType\":\"NUMBER\",\"ordinal\":6,\"type\":\"Field\"},\"Writes\":{\"name\":\"Writes\",\"aspects\":{\"isPrimaryKey\":false},\"description\":\"\",\"baseType\":\"NUMBER\",\"ordinal\":7,\"type\":\"Field\"},\"ReadBytes\":{\"name\":\"ReadBytes\",\"aspects\":{\"isPrimaryKey\":false},\"description\":\"\",\"baseType\":\"NUMBER\",\"ordinal\":8,\"type\":\"Field\"},\"ID\":{\"name\":\"ID\",\"aspects\":{\"isPrimaryKey\":true},\"description\":\"\",\"baseType\":\"NUMBER\",\"ordinal\":12,\"type\":\"Field\"},\"Timestamp\":{\"name\":\"Timestamp\",\"aspects\":{\"isPrimaryKey\":false},\"description\":\"\",\"baseType\":\"DATETIME\",\"ordinal\":1,\"type\":\"Field\"},\"WriteBytes\":{\"name\":\"WriteBytes\",\"aspects\":{\"isPrimaryKey\":false},\"description\":\"\",\"baseType\":\"NUMBER\",\"ordinal\":3,\"type\":\"Field\"},\"Reads\":{\"name\":\"Reads\",\"aspects\":{\"isPrimaryKey\":false},\"description\":\"\",\"baseType\":\"NUMBER\",\"ordinal\":9,\"type\":\"Field\"},\"Name\":{\"name\":\"Name\",\"aspects\":{\"isPrimaryKey\":false},\"description\":\"\",\"baseType\":\"STRING\",\"ordinal\":10,\"type\":\"Field\"},\"TransferTime\":{\"name\":\"TransferTime\",\"aspects\":{\"isPrimaryKey\":false},\"description\":\"\",\"baseType\":\"NUMBER\",\"ordinal\":11,\"type\":\"Field\"}}",
                          "_GlobalDataShape" : "{}",
                          "_MenuDefinition" : "[]",
                          "__TypeDisplayName" : "Collection"
                        },
                        "Widgets" : [ ]
                      } ]
                    } ]
                  }, {
                    "Properties" : {
                      "Area" : "UI",
                      "DisplayName" : "container-6",
                      "EnableContainerUnload" : false,
                      "EnableExpandCollapse" : false,
                      "ExpandCollapseTabLocation" : "inside",
                      "Expanded" : true,
                      "Id" : "flexcontainer-6",
                      "LastContainer" : false,
                      "LazyLoading" : false,
                      "Overlay" : false,
                      "ResponsiveLayout" : true,
                      "ShowDataLoading" : true,
                      "ShowExpandCollapseTab" : false,
                      "SourceURL" : "",
                      "Style" : "DefaultContainerStyle",
                      "StyleProperties" : { },
                      "Type" : "flexcontainer",
                      "UseTheme" : true,
                      "Visible" : true,
                      "Z-index" : 10,
                      "__TypeDisplayName" : "Responsive Container",
                      "align-content" : "flex-start",
                      "align-items" : "flex-start",
                      "flex-basis" : "auto",
                      "flex-direction" : "row",
                      "flex-grow" : 1,
                      "flex-max-height" : "",
                      "flex-max-width" : "35px",
                      "flex-min-height" : "",
                      "flex-min-width" : "35px",
                      "flex-shrink" : 1,
                      "flex-size" : "fixed",
                      "flex-wrap" : "nowrap",
                      "iconClass" : "widgets-flexcontainer-fixed",
                      "isLocked" : false,
                      "justify-content" : "center",
                      "positioning" : "responsive",
                      "userCannotRemove" : false
                    },
                    "Widgets" : [ {
                      "Properties" : {
                        "Area" : "UI",
                        "ButtonType" : "tertiary",
                        "ContextID" : "",
                        "Disabled" : false,
                        "DisplayName" : "ptcs-button-21",
                        "Icon" : "/Thingworx/MediaEntities/TWX.Metrices.CloseIcon_ME",
                        "Id" : "ptcsbutton-21",
                        "Label" : null,
                        "LabelAlignment" : "center",
                        "LastContainer" : false,
                        "Left" : 8.0078125,
                        "Margin" : "8 8 0 0",
                        "MultiLine" : false,
                        "ResponsiveLayout" : false,
                        "ShowDataLoading" : true,
                        "TabSequence" : 0,
                        "Top" : 50.01953125,
                        "Type" : "ptcsbutton",
                        "UseTheme" : true,
                        "Visible" : true,
                        "Z-index" : 10,
                        "__TypeDisplayName" : "Button"
                      },
                      "Widgets" : [ ]
                    } ]
                  } ]
                }, {
                  "Properties" : {
                    "Area" : "UI",
                    "AutoEvaluate" : true,
                    "DataChangeType" : "ALWAYS",
                    "DisableInitialOutput" : false,
                    "DisplayName" : "DiskSpacUsedLabel",
                    "Expression" : "result = (100 - Used)+\" % Available\";",
                    "FireOnFirstValue" : false,
                    "Height" : 28,
                    "Id" : "expression2-20",
                    "LastContainer" : false,
                    "Left" : null,
                    "OutputBaseType" : "STRING",
                    "ResponsiveLayout" : false,
                    "ShowDataLoading" : true,
                    "Top" : null,
                    "Type" : "expression2",
                    "Visible" : true,
                    "Width" : 200,
                    "Z-index" : 10,
                    "__TypeDisplayName" : "Expression",
                    "_currentParameterDefs" : [ {
                      "BaseType" : "NUMBER",
                      "Description" : "",
                      "ParameterName" : "Used",
                      "bindingDirection" : "Target",
                      "bindingType" : "Property",
                      "isBindingSource" : false,
                      "isBindingTarget" : true,
                      "shown" : true
                    } ]
                  },
                  "Widgets" : [ ]
                } ]
              },
              "mashupType" : "mashup"
            }
            ]]>
            </mashupContent>
            <preview></preview>
        </Mashup>
    </Mashups>
</Entities>
